Region	Gene	importance_R2G	rho_R2G	importance_x_rho	importance_x_abs_rho	TF	is_extended	eRegulon_name	Gene_signature_name	Region_signature_name	importance_TF2G	regulation	rho_TF2G	triplet_rank
chr21:46228697-46229197	YBEY	0.0198219579556952	0.1133663448861524	0.0022471429219241	0.0022471429219241	KLF12	True	KLF12_extended_+/+	KLF12_extended_+/+_(2g)	KLF12_extended_+/+_(30r)	26.45559708019888	1	0.1537653707346793	26
chr21:31670036-31670536	SOD1	0.0136421475300129	0.2222882884250243	0.0030324896248882	0.0030324896248882	KLF12	True	KLF12_extended_+/+	KLF12_extended_+/+_(2g)	KLF12_extended_+/+_(30r)	25.79483717841867	1	0.2227607049439051	90
chr21:31604538-31605038	SOD1	0.0196749374919503	0.225054085604948	0.0044279250665853	0.0044279250665853	KLF12	True	KLF12_extended_+/+	KLF12_extended_+/+_(2g)	KLF12_extended_+/+_(30r)	25.79483717841867	1	0.2227607049439051	59
chr21:31725120-31725620	SOD1	0.0178429319622011	0.2881689455900207	0.0051417788897819	0.0051417788897819	KLF12	True	KLF12_extended_+/+	KLF12_extended_+/+_(2g)	KLF12_extended_+/+_(30r)	25.79483717841867	1	0.2227607049439051	53
chr21:31558953-31559453	SOD1	0.0183680283682619	0.2318714417758672	0.0042590212203289	0.0042590212203289	KLF12	True	KLF12_extended_+/+	KLF12_extended_+/+_(2g)	KLF12_extended_+/+_(30r)	25.79483717841867	1	0.2227607049439051	1
chr21:46237365-46237865	YBEY	0.0167743284525132	0.0716734673850621	0.0012022742832475	0.0012022742832475	KLF12	True	KLF12_extended_+/+	KLF12_extended_+/+_(2g)	KLF12_extended_+/+_(30r)	26.45559708019888	1	0.1537653707346793	36
chr21:31509351-31509851	SOD1	0.0187603270913539	0.1550739328653609	0.0029092377038968	0.0029092377038968	KLF12	True	KLF12_extended_+/+	KLF12_extended_+/+_(2g)	KLF12_extended_+/+_(30r)	25.79483717841867	1	0.2227607049439051	18
chr21:46317499-46317999	YBEY	0.0248041267942819	0.0555372923835564	0.0013775540420928	0.0013775540420928	KLF12	True	KLF12_extended_+/+	KLF12_extended_+/+_(2g)	KLF12_extended_+/+_(30r)	26.45559708019888	1	0.1537653707346793	7
chr21:31731213-31731713	SOD1	0.0249628676304292	0.1605594857451259	0.0040080251894653	0.0040080251894653	KLF12	True	KLF12_extended_+/+	KLF12_extended_+/+_(2g)	KLF12_extended_+/+_(30r)	25.79483717841867	1	0.2227607049439051	60
chr21:31731937-31732437	SOD1	0.0246302402847913	0.2850036535028533	0.0070197084678186	0.0070197084678186	KLF12	True	KLF12_extended_+/+	KLF12_extended_+/+_(2g)	KLF12_extended_+/+_(30r)	25.79483717841867	1	0.2227607049439051	11
chr21:46296275-46296775	YBEY	0.0188291795973724	0.0909245895202339	0.0017120354258938	0.0017120354258938	KLF12	True	KLF12_extended_+/+	KLF12_extended_+/+_(2g)	KLF12_extended_+/+_(30r)	26.45559708019888	1	0.1537653707346793	0
chr21:31665339-31665839	SOD1	0.0403805585848134	0.2452574551159551	0.009903633034672	0.009903633034672	KLF12	True	KLF12_extended_+/+	KLF12_extended_+/+_(2g)	KLF12_extended_+/+_(30r)	25.79483717841867	1	0.2227607049439051	13
chr21:46170575-46171075	YBEY	0.0177463023646391	0.1207848463328003	0.0021434844040883	0.0021434844040883	KLF12	True	KLF12_extended_+/+	KLF12_extended_+/+_(2g)	KLF12_extended_+/+_(30r)	26.45559708019888	1	0.1537653707346793	4
chr21:31580741-31581241	SOD1	0.0124691208662918	0.2953072429090657	0.0036822217045245	0.0036822217045245	KLF12	True	KLF12_extended_+/+	KLF12_extended_+/+_(2g)	KLF12_extended_+/+_(30r)	25.79483717841867	1	0.2227607049439051	99
chr21:46156004-46156504	YBEY	0.0133401699345746	0.1186424753210382	0.0015827107822412	0.0015827107822412	KLF12	True	KLF12_extended_+/+	KLF12_extended_+/+_(2g)	KLF12_extended_+/+_(30r)	26.45559708019888	1	0.1537653707346793	77
chr21:46368715-46369215	YBEY	0.0173306771142423	0.1176226286841082	0.0020384797990527	0.0020384797990527	KLF12	True	KLF12_extended_+/+	KLF12_extended_+/+_(2g)	KLF12_extended_+/+_(30r)	26.45559708019888	1	0.1537653707346793	41
chr21:46184663-46185163	YBEY	0.0424477765893551	0.0898793473934317	0.0038151784581534	0.0038151784581534	KLF12	True	KLF12_extended_+/+	KLF12_extended_+/+_(2g)	KLF12_extended_+/+_(30r)	26.45559708019888	1	0.1537653707346793	2
chr21:31659370-31659870	SOD1	0.016826677588617	0.3035301268078956	0.0051074035822284	0.0051074035822284	KLF12	True	KLF12_extended_+/+	KLF12_extended_+/+_(2g)	KLF12_extended_+/+_(30r)	25.79483717841867	1	0.2227607049439051	124
chr21:46426536-46427036	YBEY	0.0153443155648127	0.1181285835855722	0.0018126022637613	0.0018126022637613	KLF12	True	KLF12_extended_+/+	KLF12_extended_+/+_(2g)	KLF12_extended_+/+_(30r)	26.45559708019888	1	0.1537653707346793	89
chr21:46253672-46254172	YBEY	0.0180797593318549	0.1226713302022261	0.0022178681269747	0.0022178681269747	KLF12	True	KLF12_extended_+/+	KLF12_extended_+/+_(2g)	KLF12_extended_+/+_(30r)	26.45559708019888	1	0.1537653707346793	5
chr21:46184106-46184606	YBEY	0.0204786024508469	0.1179566025799663	0.0024155863706876	0.0024155863706876	KLF12	True	KLF12_extended_+/+	KLF12_extended_+/+_(2g)	KLF12_extended_+/+_(30r)	26.45559708019888	1	0.1537653707346793	57
chr21:46424530-46425030	YBEY	0.0252101254636352	0.1212105877034686	0.0030557341235254	0.0030557341235254	KLF12	True	KLF12_extended_+/+	KLF12_extended_+/+_(2g)	KLF12_extended_+/+_(30r)	26.45559708019888	1	0.1537653707346793	17
chr21:31557520-31558020	SOD1	0.0159018091428198	0.2248892401551772	0.0035761457752214	0.0035761457752214	KLF12	True	KLF12_extended_+/+	KLF12_extended_+/+_(2g)	KLF12_extended_+/+_(30r)	25.79483717841867	1	0.2227607049439051	139
chr21:46227891-46228391	YBEY	0.0159480158197212	0.1180246149022474	0.0018822584255775	0.0018822584255775	KLF12	True	KLF12_extended_+/+	KLF12_extended_+/+_(2g)	KLF12_extended_+/+_(30r)	26.45559708019888	1	0.1537653707346793	39
chr21:31633397-31633897	SOD1	0.0171194754702923	0.2881689455900207	0.0049333011953283	0.0049333011953283	KLF12	True	KLF12_extended_+/+	KLF12_extended_+/+_(2g)	KLF12_extended_+/+_(30r)	25.79483717841867	1	0.2227607049439051	127
chr21:31717833-31718333	SOD1	0.0146853237959678	0.2881689455900207	0.004231854273932	0.004231854273932	KLF12	True	KLF12_extended_+/+	KLF12_extended_+/+_(2g)	KLF12_extended_+/+_(30r)	25.79483717841867	1	0.2227607049439051	88
chr21:31654522-31655022	SOD1	0.0243299875244772	0.2177149149156366	0.00529700116379	0.00529700116379	KLF12	True	KLF12_extended_+/+	KLF12_extended_+/+_(2g)	KLF12_extended_+/+_(30r)	25.79483717841867	1	0.2227607049439051	10
chr21:46409748-46410248	YBEY	0.0180591520525289	0.1111122835682529	0.0020065936238627	0.0020065936238627	KLF12	True	KLF12_extended_+/+	KLF12_extended_+/+_(2g)	KLF12_extended_+/+_(30r)	26.45559708019888	1	0.1537653707346793	28
chr21:46297305-46297805	YBEY	0.0180287528224361	0.1186424753210382	0.0021389758618049	0.0021389758618049	KLF12	True	KLF12_extended_+/+	KLF12_extended_+/+_(2g)	KLF12_extended_+/+_(30r)	26.45559708019888	1	0.1537653707346793	52
chr21:31551270-31551770	SOD1	0.0180075282424956	0.2881689455900207	0.0051892104263224	0.0051892104263224	KLF12	True	KLF12_extended_+/+	KLF12_extended_+/+_(2g)	KLF12_extended_+/+_(30r)	25.79483717841867	1	0.2227607049439051	22
chr21:33080702-33081202	OLIG1	0.0179300344842711	0.1943241394467548	0.0034842385214066	0.0034842385214066	ZNF143	True	ZNF143_extended_+/+	ZNF143_extended_+/+_(2g)	ZNF143_extended_+/+_(29r)	13.250757966811076	1	0.1527259808124568	274
chr21:33207719-33208219	OLIG1	0.0185219356667251	0.2042067471927036	0.0037823042342144	0.0037823042342144	ZNF143	True	ZNF143_extended_+/+	ZNF143_extended_+/+_(2g)	ZNF143_extended_+/+_(29r)	13.250757966811076	1	0.1527259808124568	207
chr21:33028834-33029334	OLIG1	0.0139490885587136	0.1943241394467548	0.0027106446302385	0.0027106446302385	ZNF143	True	ZNF143_extended_+/+	ZNF143_extended_+/+_(2g)	ZNF143_extended_+/+_(29r)	13.250757966811076	1	0.1527259808124568	298
chr21:18387947-18388447	CHODL	0.0067865465726173	0.0602765452726483	0.0004090695817293	0.0004090695817293	ZNF143	True	ZNF143_extended_+/+	ZNF143_extended_+/+_(2g)	ZNF143_extended_+/+_(29r)	12.0865273331196	1	0.266150807557172	304
chr21:33089390-33089890	OLIG1	0.0100574539569261	0.194567526769978	0.001956853942002	0.001956853942002	ZNF143	True	ZNF143_extended_+/+	ZNF143_extended_+/+_(2g)	ZNF143_extended_+/+_(29r)	13.250757966811076	1	0.1527259808124568	215
chr21:33059944-33060444	OLIG1	0.0148832752467814	0.196284626077431	0.0029213581166219	0.0029213581166219	ZNF143	True	ZNF143_extended_+/+	ZNF143_extended_+/+_(2g)	ZNF143_extended_+/+_(29r)	13.250757966811076	1	0.1527259808124568	281
chr21:33077437-33077937	OLIG1	0.0117169893436081	0.1943241394467548	0.0022768938711034	0.0022768938711034	ZNF143	True	ZNF143_extended_+/+	ZNF143_extended_+/+_(2g)	ZNF143_extended_+/+_(29r)	13.250757966811076	1	0.1527259808124568	295
chr21:33010698-33011198	OLIG1	0.0110294578825483	0.1943241394467548	0.0021432899115904	0.0021432899115904	ZNF143	True	ZNF143_extended_+/+	ZNF143_extended_+/+_(2g)	ZNF143_extended_+/+_(29r)	13.250757966811076	1	0.1527259808124568	282
chr21:18129274-18129774	CHODL	0.0048028053015831	0.0602765452726483	0.0002894965111965	0.0002894965111965	ZNF143	True	ZNF143_extended_+/+	ZNF143_extended_+/+_(2g)	ZNF143_extended_+/+_(29r)	12.0865273331196	1	0.266150807557172	312
chr21:17772153-17772653	CHODL	0.0023502585890625	0.0602765452726483	0.000141665468246	0.000141665468246	ZNF143	True	ZNF143_extended_+/+	ZNF143_extended_+/+_(2g)	ZNF143_extended_+/+_(29r)	12.0865273331196	1	0.266150807557172	325
chr21:17813393-17813893	CHODL	0.0078946730857287	0.0598409379821393	0.0004724246425123	0.0004724246425123	ZNF143	True	ZNF143_extended_+/+	ZNF143_extended_+/+_(2g)	ZNF143_extended_+/+_(29r)	12.0865273331196	1	0.266150807557172	130
chr21:33096393-33096893	OLIG1	0.0198685406406294	0.1943241394467548	0.0038609370620531	0.0038609370620531	ZNF143	True	ZNF143_extended_+/+	ZNF143_extended_+/+_(2g)	ZNF143_extended_+/+_(29r)	13.250757966811076	1	0.1527259808124568	141
chr21:18035017-18035517	CHODL	0.007179602093234	0.0602765452726483	0.0004327616106124	0.0004327616106124	ZNF143	True	ZNF143_extended_+/+	ZNF143_extended_+/+_(2g)	ZNF143_extended_+/+_(29r)	12.0865273331196	1	0.266150807557172	309
chr21:32925140-32925640	OLIG1	0.0169515034662249	0.1943241394467548	0.0032940863234028	0.0032940863234028	ZNF143	True	ZNF143_extended_+/+	ZNF143_extended_+/+_(2g)	ZNF143_extended_+/+_(29r)	13.250757966811076	1	0.1527259808124568	165
chr21:17808136-17808636	CHODL	0.0051338939450495	0.0602765452726483	0.0003094533908037	0.0003094533908037	ZNF143	True	ZNF143_extended_+/+	ZNF143_extended_+/+_(2g)	ZNF143_extended_+/+_(29r)	12.0865273331196	1	0.266150807557172	236
chr21:18187195-18187695	CHODL	0.0021776412171972	0.0602765452726483	0.0001312606894159	0.0001312606894159	ZNF143	True	ZNF143_extended_+/+	ZNF143_extended_+/+_(2g)	ZNF143_extended_+/+_(29r)	12.0865273331196	1	0.266150807557172	323
chr21:17985787-17986287	CHODL	0.0058481258150122	0.0602765452726483	0.0003525048204487	0.0003525048204487	ZNF143	True	ZNF143_extended_+/+	ZNF143_extended_+/+_(2g)	ZNF143_extended_+/+_(29r)	12.0865273331196	1	0.266150807557172	188
chr21:17775718-17776218	CHODL	0.0139881395851283	0.0504553266467794	0.0007057761519483	0.0007057761519483	ZNF143	True	ZNF143_extended_+/+	ZNF143_extended_+/+_(2g)	ZNF143_extended_+/+_(29r)	12.0865273331196	1	0.266150807557172	280
chr21:17814431-17814931	CHODL	0.0244529266120911	0.0591726589146081	0.0014469446858812	0.0014469446858812	ZNF143	True	ZNF143_extended_+/+	ZNF143_extended_+/+_(2g)	ZNF143_extended_+/+_(29r)	12.0865273331196	1	0.266150807557172	62
chr21:17766392-17766892	CHODL	0.004042432983247	0.0602765452726483	0.0002436638947263	0.0002436638947263	ZNF143	True	ZNF143_extended_+/+	ZNF143_extended_+/+_(2g)	ZNF143_extended_+/+_(29r)	12.0865273331196	1	0.266150807557172	318
chr21:17997936-17998436	CHODL	0.0015084319085979	0.0602765452726483	9.092306422930884e-05	9.092306422930884e-05	ZNF143	True	ZNF143_extended_+/+	ZNF143_extended_+/+_(2g)	ZNF143_extended_+/+_(29r)	12.0865273331196	1	0.266150807557172	322
chr21:33056015-33056515	OLIG1	0.0108144498956658	0.1970061343575285	0.0021305129691483	0.0021305129691483	ZNF143	True	ZNF143_extended_+/+	ZNF143_extended_+/+_(2g)	ZNF143_extended_+/+_(29r)	13.250757966811076	1	0.1527259808124568	123
chr21:17990153-17990653	CHODL	0.0150755607531319	0.0602765452726483	0.0009087027202467	0.0009087027202467	ZNF143	True	ZNF143_extended_+/+	ZNF143_extended_+/+_(2g)	ZNF143_extended_+/+_(29r)	12.0865273331196	1	0.266150807557172	256
chr21:17753678-17754178	CHODL	0.0188833814313042	0.0586730203172184	0.0011079450223767	0.0011079450223767	ZNF143	True	ZNF143_extended_+/+	ZNF143_extended_+/+_(2g)	ZNF143_extended_+/+_(29r)	12.0865273331196	1	0.266150807557172	220
chr21:33026008-33026508	OLIG1	0.0180754412856962	0.1996976319974026	0.0036096228220616	0.0036096228220616	ZNF143	True	ZNF143_extended_+/+	ZNF143_extended_+/+_(2g)	ZNF143_extended_+/+_(29r)	13.250757966811076	1	0.1527259808124568	241
chr21:33175808-33176308	OLIG1	0.0155035181594057	0.1943241394467548	0.0030127078247236	0.0030127078247236	ZNF143	True	ZNF143_extended_+/+	ZNF143_extended_+/+_(2g)	ZNF143_extended_+/+_(29r)	13.250757966811076	1	0.1527259808124568	148
chr21:33021009-33021509	OLIG1	0.0285230409057699	0.1996976319974026	0.0056959837262473	0.0056959837262473	ZNF143	True	ZNF143_extended_+/+	ZNF143_extended_+/+_(2g)	ZNF143_extended_+/+_(29r)	13.250757966811076	1	0.1527259808124568	78
chr21:33203758-33204258	OLIG1	0.0119856213394983	0.197611106432079	0.0023684918941742	0.0023684918941742	ZNF143	True	ZNF143_extended_+/+	ZNF143_extended_+/+_(2g)	ZNF143_extended_+/+_(29r)	13.250757966811076	1	0.1527259808124568	286
chr21:33004475-33004975	OLIG1	0.0147767737984626	0.1943241394467548	0.0028714838521856	0.0028714838521856	ZNF143	True	ZNF143_extended_+/+	ZNF143_extended_+/+_(2g)	ZNF143_extended_+/+_(29r)	13.250757966811076	1	0.1527259808124568	158
chr21:42117332-42117832	ZBTB21	0.0229571064503133	0.0725048263791379	0.0016645010173473	0.0016645010173473	ZNF354C	True	ZNF354C_extended_+/+	ZNF354C_extended_+/+_(5g)	ZNF354C_extended_+/+_(77r)	16.371163283475237	1	0.1409598666051162	155
chr21:42009885-42010385	ZBTB21	0.0128297049418697	0.0645858112578778	0.0008286169018698	0.0008286169018698	ZNF354C	True	ZNF354C_extended_+/+	ZNF354C_extended_+/+_(5g)	ZNF354C_extended_+/+_(77r)	16.371163283475237	1	0.1409598666051162	179
chr21:36939399-36939899	HLCS	0.0486279336546848	0.0914883372161716	0.0044488887923254	0.0044488887923254	ZNF354C	True	ZNF354C_extended_+/+	ZNF354C_extended_+/+_(5g)	ZNF354C_extended_+/+_(77r)	12.307089070441323	1	0.0908245739863383	8
chr21:36322333-36322833	CHAF1B	0.0192534665330854	0.0660049664926032	0.0012708244133827	0.0012708244133827	ZNF354C	True	ZNF354C_extended_+/+	ZNF354C_extended_+/+_(5g)	ZNF354C_extended_+/+_(77r)	24.558321054077844	1	0.654851642444997	98
chr21:36318476-36318976	CHAF1B	0.0213994604661759	0.052265746415829	0.0011184587741607	0.0011184587741607	ZNF354C	True	ZNF354C_extended_+/+	ZNF354C_extended_+/+_(5g)	ZNF354C_extended_+/+_(77r)	24.558321054077844	1	0.654851642444997	31
chr21:46228697-46229197	COL6A2	0.0206013071967714	0.1726297830700016	0.0035563991923371	0.0035563991923371	ZNF354C	True	ZNF354C_extended_+/+	ZNF354C_extended_+/+_(5g)	ZNF354C_extended_+/+_(77r)	11.21490685577734	1	0.0985277239231759	232
chr21:42107141-42107641	ZBTB21	0.0125120747447914	0.0696094882753822	0.0008709591202482	0.0008709591202482	ZNF354C	True	ZNF354C_extended_+/+	ZNF354C_extended_+/+_(5g)	ZNF354C_extended_+/+_(77r)	16.371163283475237	1	0.1409598666051162	189
chr21:46268215-46268715	COL6A2	0.0152191047798247	0.1714119789862757	0.0026087368687092	0.0026087368687092	ZNF354C	True	ZNF354C_extended_+/+	ZNF354C_extended_+/+_(5g)	ZNF354C_extended_+/+_(77r)	11.21490685577734	1	0.0985277239231759	308
chr21:41863252-41863752	ZBTB21	0.0117026805659009	0.0719031554863012	0.0008414596603364	0.0008414596603364	ZNF354C	True	ZNF354C_extended_+/+	ZNF354C_extended_+/+_(5g)	ZNF354C_extended_+/+_(77r)	16.371163283475237	1	0.1409598666051162	293
chr21:46097341-46097841	COL6A2	0.0226785574048095	0.1368422996488678	0.0031033859479929	0.0031033859479929	ZNF354C	True	ZNF354C_extended_+/+	ZNF354C_extended_+/+_(5g)	ZNF354C_extended_+/+_(77r)	11.21490685577734	1	0.0985277239231759	206
chr21:36936954-36937454	HLCS	0.0098971936024261	0.0906162679288747	0.0008968467472213	0.0008968467472213	ZNF354C	True	ZNF354C_extended_+/+	ZNF354C_extended_+/+_(5g)	ZNF354C_extended_+/+_(77r)	12.307089070441323	1	0.0908245739863383	71
chr21:46217547-46218047	COL6A2	0.0153386845178562	0.1689836506056374	0.0025919869053155	0.0025919869053155	ZNF354C	True	ZNF354C_extended_+/+	ZNF354C_extended_+/+_(5g)	ZNF354C_extended_+/+_(77r)	11.21490685577734	1	0.0985277239231759	205
chr21:36394034-36394534	CHAF1B	0.0095029658638962	0.1086019674193927	0.0010320407891384	0.0010320407891384	ZNF354C	True	ZNF354C_extended_+/+	ZNF354C_extended_+/+_(5g)	ZNF354C_extended_+/+_(77r)	24.558321054077844	1	0.654851642444997	260
chr21:42897425-42897925	WDR4	0.00919681577617	0.1144735822507146	0.001052792447198	0.001052792447198	ZNF354C	True	ZNF354C_extended_+/+	ZNF354C_extended_+/+_(5g)	ZNF354C_extended_+/+_(77r)	18.86331467072881	1	0.1208168103618701	178
chr21:41895795-41896295	ZBTB21	0.0097325475510489	0.0764203290956682	0.0007437644867903	0.0007437644867903	ZNF354C	True	ZNF354C_extended_+/+	ZNF354C_extended_+/+_(5g)	ZNF354C_extended_+/+_(77r)	16.371163283475237	1	0.1409598666051162	218
chr21:46189963-46190463	COL6A2	0.0186766470982238	0.0781993780013488	0.0014605021862318	0.0014605021862318	ZNF354C	True	ZNF354C_extended_+/+	ZNF354C_extended_+/+_(5g)	ZNF354C_extended_+/+_(77r)	11.21490685577734	1	0.0985277239231759	259
chr21:36603185-36603685	HLCS	0.026893690902242	0.0899636987828825	0.0024194559074892	0.0024194559074892	ZNF354C	True	ZNF354C_extended_+/+	ZNF354C_extended_+/+_(5g)	ZNF354C_extended_+/+_(77r)	12.307089070441323	1	0.0908245739863383	119
chr21:46053284-46053784	COL6A2	0.0124273636583956	0.1669878910241028	0.002075219248305	0.002075219248305	ZNF354C	True	ZNF354C_extended_+/+	ZNF354C_extended_+/+_(5g)	ZNF354C_extended_+/+_(77r)	11.21490685577734	1	0.0985277239231759	297
chr21:46186121-46186621	COL6A2	0.0151360197639537	0.0781993780013488	0.0011836273309573	0.0011836273309573	ZNF354C	True	ZNF354C_extended_+/+	ZNF354C_extended_+/+_(5g)	ZNF354C_extended_+/+_(77r)	11.21490685577734	1	0.0985277239231759	300
chr21:42783792-42784292	WDR4	0.0251737719442374	0.0926855741358575	0.0023332455058167	0.0023332455058167	ZNF354C	True	ZNF354C_extended_+/+	ZNF354C_extended_+/+_(5g)	ZNF354C_extended_+/+_(77r)	18.86331467072881	1	0.1208168103618701	49
chr21:42898859-42899359	WDR4	0.0104707813931132	0.1139217877240523	0.0011928501351712	0.0011928501351712	ZNF354C	True	ZNF354C_extended_+/+	ZNF354C_extended_+/+_(5g)	ZNF354C_extended_+/+_(77r)	18.86331467072881	1	0.1208168103618701	191
chr21:46277210-46277710	COL6A2	0.016840093991748	0.1464516257552165	0.0024662591429621	0.0024662591429621	ZNF354C	True	ZNF354C_extended_+/+	ZNF354C_extended_+/+_(5g)	ZNF354C_extended_+/+_(77r)	11.21490685577734	1	0.0985277239231759	129
chr21:36966392-36966892	HLCS	0.0142810198029587	0.0811544237749792	0.0011589679330281	0.0011589679330281	ZNF354C	True	ZNF354C_extended_+/+	ZNF354C_extended_+/+_(5g)	ZNF354C_extended_+/+_(77r)	12.307089070441323	1	0.0908245739863383	262
chr21:36298807-36299307	CHAF1B	0.0091264043144477	0.1083596020365275	0.000988933539538	0.000988933539538	ZNF354C	True	ZNF354C_extended_+/+	ZNF354C_extended_+/+_(5g)	ZNF354C_extended_+/+_(77r)	24.558321054077844	1	0.654851642444997	201
chr21:42001059-42001559	ZBTB21	0.0110683054608838	0.0696094882753822	0.0007704590792077	0.0007704590792077	ZNF354C	True	ZNF354C_extended_+/+	ZNF354C_extended_+/+_(5g)	ZNF354C_extended_+/+_(77r)	16.371163283475237	1	0.1409598666051162	169
chr21:36994411-36994911	HLCS	0.0152702924404817	0.090175077084588	0.0013769997979246	0.0013769997979246	ZNF354C	True	ZNF354C_extended_+/+	ZNF354C_extended_+/+_(5g)	ZNF354C_extended_+/+_(77r)	12.307089070441323	1	0.0908245739863383	234
chr21:41904059-41904559	ZBTB21	0.0134828796268031	0.0698440995913659	0.0009416995874328	0.0009416995874328	ZNF354C	True	ZNF354C_extended_+/+	ZNF354C_extended_+/+_(5g)	ZNF354C_extended_+/+_(77r)	16.371163283475237	1	0.1409598666051162	181
chr21:42770909-42771409	WDR4	0.0061367627313322	0.1115619294125374	0.0006846290906543	0.0006846290906543	ZNF354C	True	ZNF354C_extended_+/+	ZNF354C_extended_+/+_(5g)	ZNF354C_extended_+/+_(77r)	18.86331467072881	1	0.1208168103618701	273
chr21:36449635-36450135	CHAF1B	0.0101503878840563	0.084024284136094	0.0008528790756615	0.0008528790756615	ZNF354C	True	ZNF354C_extended_+/+	ZNF354C_extended_+/+_(5g)	ZNF354C_extended_+/+_(77r)	24.558321054077844	1	0.654851642444997	261
chr21:42756575-42757075	WDR4	0.0118972245592321	0.1144735822507146	0.0013619179141364	0.0013619179141364	ZNF354C	True	ZNF354C_extended_+/+	ZNF354C_extended_+/+_(5g)	ZNF354C_extended_+/+_(77r)	18.86331467072881	1	0.1208168103618701	51
chr21:41929166-41929666	ZBTB21	0.008829374100393	0.0943569152716157	0.0008331125038921	0.0008331125038921	ZNF354C	True	ZNF354C_extended_+/+	ZNF354C_extended_+/+_(5g)	ZNF354C_extended_+/+_(77r)	16.371163283475237	1	0.1409598666051162	216
chr21:46188421-46188921	COL6A2	0.0126914482279213	0.0774787925456557	0.000983318084355	0.000983318084355	ZNF354C	True	ZNF354C_extended_+/+	ZNF354C_extended_+/+_(5g)	ZNF354C_extended_+/+_(77r)	11.21490685577734	1	0.0985277239231759	317
chr21:36415961-36416461	CHAF1B	0.0164210011719058	0.1086019674193927	0.0017833530342651	0.0017833530342651	ZNF354C	True	ZNF354C_extended_+/+	ZNF354C_extended_+/+_(5g)	ZNF354C_extended_+/+_(77r)	24.558321054077844	1	0.654851642444997	50
chr21:36282222-36282722	CHAF1B	0.0075137519907114	0.1086019674193927	0.0008160082488926	0.0008160082488926	ZNF354C	True	ZNF354C_extended_+/+	ZNF354C_extended_+/+_(5g)	ZNF354C_extended_+/+_(77r)	24.558321054077844	1	0.654851642444997	87
chr21:36735022-36735522	HLCS	0.0088030598841725	0.0906162679288747	0.0007977004330581	0.0007977004330581	ZNF354C	True	ZNF354C_extended_+/+	ZNF354C_extended_+/+_(5g)	ZNF354C_extended_+/+_(77r)	12.307089070441323	1	0.0908245739863383	303
chr21:42013435-42013935	ZBTB21	0.0125773700941304	0.0698440995913659	0.0008784550894519	0.0008784550894519	ZNF354C	True	ZNF354C_extended_+/+	ZNF354C_extended_+/+_(5g)	ZNF354C_extended_+/+_(77r)	16.371163283475237	1	0.1409598666051162	252
chr21:36262949-36263449	CHAF1B	0.0094561654874151	0.1086019674193927	0.0010269581761766	0.0010269581761766	ZNF354C	True	ZNF354C_extended_+/+	ZNF354C_extended_+/+_(5g)	ZNF354C_extended_+/+_(77r)	24.558321054077844	1	0.654851642444997	112
chr21:42974204-42974704	WDR4	0.0207390756384717	0.087936882731098	0.0018237296623716	0.0018237296623716	ZNF354C	True	ZNF354C_extended_+/+	ZNF354C_extended_+/+_(5g)	ZNF354C_extended_+/+_(77r)	18.86331467072881	1	0.1208168103618701	96
chr21:42925400-42925900	WDR4	0.0168600709353129	0.1159045306616448	0.0019541586086794	0.0019541586086794	ZNF354C	True	ZNF354C_extended_+/+	ZNF354C_extended_+/+_(5g)	ZNF354C_extended_+/+_(77r)	18.86331467072881	1	0.1208168103618701	86
chr21:46245193-46245693	COL6A2	0.0142691259994598	0.144829943975064	0.0020665967190749	0.0020665967190749	ZNF354C	True	ZNF354C_extended_+/+	ZNF354C_extended_+/+_(5g)	ZNF354C_extended_+/+_(77r)	11.21490685577734	1	0.0985277239231759	307
chr21:46184106-46184606	COL6A2	0.01446401855985	0.1709689222721244	0.0024728976649015	0.0024728976649015	ZNF354C	True	ZNF354C_extended_+/+	ZNF354C_extended_+/+_(5g)	ZNF354C_extended_+/+_(77r)	11.21490685577734	1	0.0985277239231759	227
chr21:42983056-42983556	WDR4	0.0119901034557865	0.1139217877240523	0.0013659340206795	0.0013659340206795	ZNF354C	True	ZNF354C_extended_+/+	ZNF354C_extended_+/+_(5g)	ZNF354C_extended_+/+_(77r)	18.86331467072881	1	0.1208168103618701	257
chr21:37076664-37077164	HLCS	0.0264519125593084	0.1061693646139776	0.0028083827492462	0.0028083827492462	ZNF354C	True	ZNF354C_extended_+/+	ZNF354C_extended_+/+_(5g)	ZNF354C_extended_+/+_(77r)	12.307089070441323	1	0.0908245739863383	131
chr21:42831925-42832425	WDR4	0.0230477525708477	0.0538555195341742	0.0012412486887981	0.0012412486887981	ZNF354C	True	ZNF354C_extended_+/+	ZNF354C_extended_+/+_(5g)	ZNF354C_extended_+/+_(77r)	18.86331467072881	1	0.1208168103618701	125
chr21:42736963-42737463	WDR4	0.0119530216794826	0.094049117742449	0.0011241711433117	0.0011241711433117	ZNF354C	True	ZNF354C_extended_+/+	ZNF354C_extended_+/+_(5g)	ZNF354C_extended_+/+_(77r)	18.86331467072881	1	0.1208168103618701	104
chr21:42006361-42006861	ZBTB21	0.0145198985494382	0.0599186779480768	0.0008700131250225	0.0008700131250225	ZNF354C	True	ZNF354C_extended_+/+	ZNF354C_extended_+/+_(5g)	ZNF354C_extended_+/+_(77r)	16.371163283475237	1	0.1409598666051162	213
chr21:42720809-42721309	WDR4	0.0066946947862714	0.1115619294125374	0.0007468730671844	0.0007468730671844	ZNF354C	True	ZNF354C_extended_+/+	ZNF354C_extended_+/+_(5g)	ZNF354C_extended_+/+_(77r)	18.86331467072881	1	0.1208168103618701	156
chr21:41923559-41924059	ZBTB21	0.0103809878941685	0.0621333963728061	0.0006450060355696	0.0006450060355696	ZNF354C	True	ZNF354C_extended_+/+	ZNF354C_extended_+/+_(5g)	ZNF354C_extended_+/+_(77r)	16.371163283475237	1	0.1409598666051162	184
chr21:46253672-46254172	COL6A2	0.023172993518726	0.1603980072825644	0.0037169019831754	0.0037169019831754	ZNF354C	True	ZNF354C_extended_+/+	ZNF354C_extended_+/+_(5g)	ZNF354C_extended_+/+_(77r)	11.21490685577734	1	0.0985277239231759	44
chr21:46227891-46228391	COL6A2	0.0122319805401072	0.1709660775568965	0.0020912537336944	0.0020912537336944	ZNF354C	True	ZNF354C_extended_+/+	ZNF354C_extended_+/+_(5g)	ZNF354C_extended_+/+_(77r)	11.21490685577734	1	0.0985277239231759	272
chr21:36295330-36295830	CHAF1B	0.0331113231644065	0.0782607955326515	0.0025913184919851	0.0025913184919851	ZNF354C	True	ZNF354C_extended_+/+	ZNF354C_extended_+/+_(5g)	ZNF354C_extended_+/+_(77r)	24.558321054077844	1	0.654851642444997	6
chr21:42058060-42058560	ZBTB21	0.0110864131432083	0.0606334778448195	0.0006722077856972	0.0006722077856972	ZNF354C	True	ZNF354C_extended_+/+	ZNF354C_extended_+/+_(5g)	ZNF354C_extended_+/+_(77r)	16.371163283475237	1	0.1409598666051162	113
chr21:36385172-36385672	CHAF1B	0.0221847640577123	0.1069963927209734	0.0023736897275411	0.0023736897275411	ZNF354C	True	ZNF354C_extended_+/+	ZNF354C_extended_+/+_(5g)	ZNF354C_extended_+/+_(77r)	24.558321054077844	1	0.654851642444997	35
chr21:45981087-45981587	COL6A2	0.0183552345525601	0.0783942118397235	0.0014389441458812	0.0014389441458812	ZNF354C	True	ZNF354C_extended_+/+	ZNF354C_extended_+/+_(5g)	ZNF354C_extended_+/+_(77r)	11.21490685577734	1	0.0985277239231759	85
chr21:42003102-42003602	ZBTB21	0.0151299726476391	0.0819819000077876	0.0012403839047193	0.0012403839047193	ZNF354C	True	ZNF354C_extended_+/+	ZNF354C_extended_+/+_(5g)	ZNF354C_extended_+/+_(77r)	16.371163283475237	1	0.1409598666051162	275
chr21:42787686-42788186	WDR4	0.0066173473981635	0.1115619294125374	0.0007382440433321	0.0007382440433321	ZNF354C	True	ZNF354C_extended_+/+	ZNF354C_extended_+/+_(5g)	ZNF354C_extended_+/+_(77r)	18.86331467072881	1	0.1208168103618701	302
chr21:36989819-36990319	HLCS	0.0231144599866207	0.0900237324856269	0.0020808499623852	0.0020808499623852	ZNF354C	True	ZNF354C_extended_+/+	ZNF354C_extended_+/+_(5g)	ZNF354C_extended_+/+_(77r)	12.307089070441323	1	0.0908245739863383	132
chr21:36795837-36796337	HLCS	0.009210720611213	0.0906162679288747	0.0008346411267236	0.0008346411267236	ZNF354C	True	ZNF354C_extended_+/+	ZNF354C_extended_+/+_(5g)	ZNF354C_extended_+/+_(77r)	12.307089070441323	1	0.0908245739863383	316
chr21:42833285-42833785	WDR4	0.0292604574481996	0.1112494353988823	0.0032552093706252	0.0032552093706252	ZNF354C	True	ZNF354C_extended_+/+	ZNF354C_extended_+/+_(5g)	ZNF354C_extended_+/+_(77r)	18.86331467072881	1	0.1208168103618701	38
chr21:37006679-37007179	HLCS	0.0134138618893895	0.0887989537853589	0.001191136901999	0.001191136901999	ZNF354C	True	ZNF354C_extended_+/+	ZNF354C_extended_+/+_(5g)	ZNF354C_extended_+/+_(77r)	12.307089070441323	1	0.0908245739863383	253
chr21:46096621-46097121	COL6A2	0.013791204104548	0.1714119789862757	0.0023639775881642	0.0023639775881642	ZNF354C	True	ZNF354C_extended_+/+	ZNF354C_extended_+/+_(5g)	ZNF354C_extended_+/+_(77r)	11.21490685577734	1	0.0985277239231759	237
chr21:36976969-36977469	HLCS	0.0329612652632704	0.0958373358877926	0.0031589198503226	0.0031589198503226	ZNF354C	True	ZNF354C_extended_+/+	ZNF354C_extended_+/+_(5g)	ZNF354C_extended_+/+_(77r)	12.307089070441323	1	0.0908245739863383	37
chr21:36985661-36986161	HLCS	0.0287429589587014	0.1006361087546957	0.0028925795436996	0.0028925795436996	ZNF354C	True	ZNF354C_extended_+/+	ZNF354C_extended_+/+_(5g)	ZNF354C_extended_+/+_(77r)	12.307089070441323	1	0.0908245739863383	83
chr21:46184663-46185163	COL6A2	0.0238127811307766	0.18498375314408	0.0044049776263695	0.0044049776263695	ZNF354C	True	ZNF354C_extended_+/+	ZNF354C_extended_+/+_(5g)	ZNF354C_extended_+/+_(77r)	11.21490685577734	1	0.0985277239231759	162
chr21:42027233-42027733	ZBTB21	0.0134644257123309	0.0696094882753822	0.0009372517837572	0.0009372517837572	ZNF354C	True	ZNF354C_extended_+/+	ZNF354C_extended_+/+_(5g)	ZNF354C_extended_+/+_(77r)	16.371163283475237	1	0.1409598666051162	151
chr21:36288578-36289078	CHAF1B	0.0149779579314489	0.050172488459762	0.0007514814214664	0.0007514814214664	ZNF354C	True	ZNF354C_extended_+/+	ZNF354C_extended_+/+_(5g)	ZNF354C_extended_+/+_(77r)	24.558321054077844	1	0.654851642444997	144
chr21:42936877-42937377	WDR4	0.010507134665211	0.084263033183998	0.0008853630369634	0.0008853630369634	ZNF354C	True	ZNF354C_extended_+/+	ZNF354C_extended_+/+_(5g)	ZNF354C_extended_+/+_(77r)	18.86331467072881	1	0.1208168103618701	197
chr21:37119825-37120325	HLCS	0.0183256454852117	0.090175077084588	0.0016525164942538	0.0016525164942538	ZNF354C	True	ZNF354C_extended_+/+	ZNF354C_extended_+/+_(5g)	ZNF354C_extended_+/+_(77r)	12.307089070441323	1	0.0908245739863383	107
chr21:36533070-36533570	CHAF1B	0.0165976942100241	0.1086019674193927	0.001802542245834	0.001802542245834	ZNF354C	True	ZNF354C_extended_+/+	ZNF354C_extended_+/+_(5g)	ZNF354C_extended_+/+_(77r)	24.558321054077844	1	0.654851642444997	29
chr21:42834694-42835194	WDR4	0.006876747770354	0.1144735822507146	0.000787205951507	0.000787205951507	ZNF354C	True	ZNF354C_extended_+/+	ZNF354C_extended_+/+_(5g)	ZNF354C_extended_+/+_(77r)	18.86331467072881	1	0.1208168103618701	199
chr21:36428120-36428620	CHAF1B	0.0140753843837947	0.1086019674193927	0.0015286144362643	0.0015286144362643	ZNF354C	True	ZNF354C_extended_+/+	ZNF354C_extended_+/+_(5g)	ZNF354C_extended_+/+_(77r)	24.558321054077844	1	0.654851642444997	65
chr21:45973589-45974089	COL6A2	0.0161483353279711	0.1456699136637717	0.0023523266130391	0.0023523266130391	ZNF354C	True	ZNF354C_extended_+/+	ZNF354C_extended_+/+_(5g)	ZNF354C_extended_+/+_(77r)	11.21490685577734	1	0.0985277239231759	292
chr21:42049695-42050195	ZBTB21	0.0118648149236233	0.0708181955130782	0.0008402447829876	0.0008402447829876	ZNF354C	True	ZNF354C_extended_+/+	ZNF354C_extended_+/+_(5g)	ZNF354C_extended_+/+_(77r)	16.371163283475237	1	0.1409598666051162	166
chr21:36419880-36420380	CHAF1B	0.0130232021451992	0.1086019674193927	0.001414345375069	0.001414345375069	ZNF354C	True	ZNF354C_extended_+/+	ZNF354C_extended_+/+_(5g)	ZNF354C_extended_+/+_(77r)	24.558321054077844	1	0.654851642444997	100
chr21:36923516-36924016	HLCS	0.0206887695940881	0.090175077084588	0.0018656113929321	0.0018656113929321	ZNF354C	True	ZNF354C_extended_+/+	ZNF354C_extended_+/+_(5g)	ZNF354C_extended_+/+_(77r)	12.307089070441323	1	0.0908245739863383	226
chr21:46170575-46171075	COL6A2	0.0133755014329937	0.2023077773387513	0.0027059679657002	0.0027059679657002	ZNF354C	True	ZNF354C_extended_+/+	ZNF354C_extended_+/+_(5g)	ZNF354C_extended_+/+_(77r)	11.21490685577734	1	0.0985277239231759	289
chr21:36630678-36631178	HLCS	0.0221879207953551	0.090175077084588	0.0020007974680678	0.0020007974680678	ZNF354C	True	ZNF354C_extended_+/+	ZNF354C_extended_+/+_(5g)	ZNF354C_extended_+/+_(77r)	12.307089070441323	1	0.0908245739863383	164
chr21:31655081-31655581	SOD1	0.0139509354032793	-0.1115736274770217	-0.0015565564696414	0.0015565564696414	KLF12	True	KLF12_extended_+/-	KLF12_extended_+/-_(2g)	KLF12_extended_+/-_(30r)	25.79483717841867	1	0.2227607049439051	138
chr21:46180479-46180979	YBEY	0.0097812744679121	-0.0658089412479591	-0.0006436953167889	0.0006436953167889	KLF12	True	KLF12_extended_+/-	KLF12_extended_+/-_(2g)	KLF12_extended_+/-_(30r)	26.45559708019888	1	0.1537653707346793	97
chr21:31565455-31565955	SOD1	0.012512697053045	-0.2733632443948296	-0.00342051146255	0.00342051146255	KLF12	True	KLF12_extended_+/-	KLF12_extended_+/-_(2g)	KLF12_extended_+/-_(30r)	25.79483717841867	1	0.2227607049439051	153
chr21:46320309-46320809	YBEY	0.0117797922797514	-0.1066841992854759	-0.0012567177071145	0.0012567177071145	KLF12	True	KLF12_extended_+/-	KLF12_extended_+/-_(2g)	KLF12_extended_+/-_(30r)	26.45559708019888	1	0.1537653707346793	81
chr21:46227051-46227551	YBEY	0.0085919503584626	-0.0991206280680172	-0.00085163951586	0.00085163951586	KLF12	True	KLF12_extended_+/-	KLF12_extended_+/-_(2g)	KLF12_extended_+/-_(30r)	26.45559708019888	1	0.1537653707346793	118
chr21:31699771-31700271	SOD1	0.0119935739166825	-0.278438771364342	-0.0033394759856285	0.0033394759856285	KLF12	True	KLF12_extended_+/-	KLF12_extended_+/-_(2g)	KLF12_extended_+/-_(30r)	25.79483717841867	1	0.2227607049439051	223
chr21:31777468-31777968	SOD1	0.023914192261011	-0.2562032420529282	-0.006126893588348	0.006126893588348	KLF12	True	KLF12_extended_+/-	KLF12_extended_+/-_(2g)	KLF12_extended_+/-_(30r)	25.79483717841867	1	0.2227607049439051	9
chr21:31781691-31782191	SOD1	0.0206187475819286	-0.2708505459319512	-0.0055845990389984	0.0055845990389984	KLF12	True	KLF12_extended_+/-	KLF12_extended_+/-_(2g)	KLF12_extended_+/-_(30r)	25.79483717841867	1	0.2227607049439051	95
chr21:46331359-46331859	YBEY	0.0060695280893515	-0.0945391509484008	-0.0005738080322247	0.0005738080322247	KLF12	True	KLF12_extended_+/-	KLF12_extended_+/-_(2g)	KLF12_extended_+/-_(30r)	26.45559708019888	1	0.1537653707346793	23
chr21:46288348-46288848	YBEY	0.0123416893068271	-0.1103790863887582	-0.0013622643901814	0.0013622643901814	KLF12	True	KLF12_extended_+/-	KLF12_extended_+/-_(2g)	KLF12_extended_+/-_(30r)	26.45559708019888	1	0.1537653707346793	111
chr21:31709077-31709577	SOD1	0.0561165271849332	-0.2027075849309872	-0.0113752457003719	0.0113752457003719	KLF12	True	KLF12_extended_+/-	KLF12_extended_+/-_(2g)	KLF12_extended_+/-_(30r)	25.79483717841867	1	0.2227607049439051	3
chr21:31752649-31753149	SOD1	0.0134987662891905	-0.278438771364342	-0.0037585799004966	0.0037585799004966	KLF12	True	KLF12_extended_+/-	KLF12_extended_+/-_(2g)	KLF12_extended_+/-_(30r)	25.79483717841867	1	0.2227607049439051	202
chr21:31554613-31555113	SOD1	0.0195910968148612	-0.2719776127152568	-0.0053283397421794	0.0053283397421794	KLF12	True	KLF12_extended_+/-	KLF12_extended_+/-_(2g)	KLF12_extended_+/-_(30r)	25.79483717841867	1	0.2227607049439051	94
chr21:46278831-46279331	YBEY	0.0079576864154859	-0.0991206280680172	-0.0007887708754712	0.0007887708754712	KLF12	True	KLF12_extended_+/-	KLF12_extended_+/-_(2g)	KLF12_extended_+/-_(30r)	26.45559708019888	1	0.1537653707346793	69
chr21:31577163-31577663	SOD1	0.0167572634919304	-0.2718791854014325	-0.0045559511477432	0.0045559511477432	KLF12	True	KLF12_extended_+/-	KLF12_extended_+/-_(2g)	KLF12_extended_+/-_(30r)	25.79483717841867	1	0.2227607049439051	105
chr21:46250246-46250746	YBEY	0.0072905381010766	-0.115309680442285	-0.0008406696186874	0.0008406696186874	KLF12	True	KLF12_extended_+/-	KLF12_extended_+/-_(2g)	KLF12_extended_+/-_(30r)	26.45559708019888	1	0.1537653707346793	143
chr21:31524732-31525232	SOD1	0.0166680697583967	-0.278438771364342	-0.0046410368645431	0.0046410368645431	KLF12	True	KLF12_extended_+/-	KLF12_extended_+/-_(2g)	KLF12_extended_+/-_(30r)	25.79483717841867	1	0.2227607049439051	72
chr21:46215770-46216270	YBEY	0.0043223330824726	-0.0945391509484008	-0.0004086296997331	0.0004086296997331	KLF12	True	KLF12_extended_+/-	KLF12_extended_+/-_(2g)	KLF12_extended_+/-_(30r)	26.45559708019888	1	0.1537653707346793	159
chr21:31730344-31730844	SOD1	0.0119937404310872	-0.1105261962520239	-0.0013256225086821	0.0013256225086821	KLF12	True	KLF12_extended_+/-	KLF12_extended_+/-_(2g)	KLF12_extended_+/-_(30r)	25.79483717841867	1	0.2227607049439051	137
chr21:46347665-46348165	YBEY	0.0076242454431871	-0.0945391509484008	-0.0007207896908211	0.0007207896908211	KLF12	True	KLF12_extended_+/-	KLF12_extended_+/-_(2g)	KLF12_extended_+/-_(30r)	26.45559708019888	1	0.1537653707346793	110
chr21:46304850-46305350	YBEY	0.0057689908695962	-0.0649229664496996	-0.0003745400006754	0.0003745400006754	KLF12	True	KLF12_extended_+/-	KLF12_extended_+/-_(2g)	KLF12_extended_+/-_(30r)	26.45559708019888	1	0.1537653707346793	114
chr21:46269116-46269616	YBEY	0.0074553724707137	-0.0945391509484008	-0.0007048245833853	0.0007048245833853	KLF12	True	KLF12_extended_+/-	KLF12_extended_+/-_(2g)	KLF12_extended_+/-_(30r)	26.45559708019888	1	0.1537653707346793	48
chr21:31712058-31712558	SOD1	0.0122494316182838	-0.278438771364342	-0.0034107166897064	0.0034107166897064	KLF12	True	KLF12_extended_+/-	KLF12_extended_+/-_(2g)	KLF12_extended_+/-_(30r)	25.79483717841867	1	0.2227607049439051	19
chr21:46346021-46346521	YBEY	0.0085047910514569	-0.0958977139644809	-0.0008155900195802	0.0008155900195802	KLF12	True	KLF12_extended_+/-	KLF12_extended_+/-_(2g)	KLF12_extended_+/-_(30r)	26.45559708019888	1	0.1537653707346793	27
chr21:46398041-46398541	YBEY	0.0055764673196125	-0.0945391509484008	-0.0005271944856876	0.0005271944856876	KLF12	True	KLF12_extended_+/-	KLF12_extended_+/-_(2g)	KLF12_extended_+/-_(30r)	26.45559708019888	1	0.1537653707346793	76
chr21:31747341-31747841	SOD1	0.016211561153306	-0.2733632443948296	-0.0044316449535729	0.0044316449535729	KLF12	True	KLF12_extended_+/-	KLF12_extended_+/-_(2g)	KLF12_extended_+/-_(30r)	25.79483717841867	1	0.2227607049439051	47
chr21:31721372-31721872	SOD1	0.0129146814664984	-0.2733632443948296	-0.0035303992260077	0.0035303992260077	KLF12	True	KLF12_extended_+/-	KLF12_extended_+/-_(2g)	KLF12_extended_+/-_(30r)	25.79483717841867	1	0.2227607049439051	82
chr21:46322717-46323217	YBEY	0.0166368304787886	-0.0982891207267218	-0.0016352194394396	0.0016352194394396	KLF12	True	KLF12_extended_+/-	KLF12_extended_+/-_(2g)	KLF12_extended_+/-_(30r)	26.45559708019888	1	0.1537653707346793	12
chr21:31745359-31745859	SOD1	0.0187876403679731	-0.2719336757274799	-0.0051089921035089	0.0051089921035089	KLF12	True	KLF12_extended_+/-	KLF12_extended_+/-_(2g)	KLF12_extended_+/-_(30r)	25.79483717841867	1	0.2227607049439051	63
chr21:46205783-46206283	YBEY	0.0081134199930289	-0.0970100539345287	-0.0007870833111172	0.0007870833111172	KLF12	True	KLF12_extended_+/-	KLF12_extended_+/-_(2g)	KLF12_extended_+/-_(30r)	26.45559708019888	1	0.1537653707346793	121
chr21:33185785-33186285	OLIG1	0.0204289416969673	-0.1972411959817411	-0.0040294288929511	0.0040294288929511	ZNF143	True	ZNF143_extended_+/-	ZNF143_extended_+/-_(1g)	ZNF143_extended_+/-_(15r)	13.250757966811076	1	0.1527259808124568	243
chr21:32940374-32940874	OLIG1	0.0373057888307672	-0.1895713355451214	-0.0070721082122128	0.0070721082122128	ZNF143	True	ZNF143_extended_+/-	ZNF143_extended_+/-_(1g)	ZNF143_extended_+/-_(15r)	13.250757966811076	1	0.1527259808124568	55
chr21:33124793-33125293	OLIG1	0.0161336751335671	-0.1525501104718303	-0.0024611939239422	0.0024611939239422	ZNF143	True	ZNF143_extended_+/-	ZNF143_extended_+/-_(1g)	ZNF143_extended_+/-_(15r)	13.250757966811076	1	0.1527259808124568	182
chr21:32932249-32932749	OLIG1	0.0122846005896334	-0.1915145248048002	-0.0023526794443404	0.0023526794443404	ZNF143	True	ZNF143_extended_+/-	ZNF143_extended_+/-_(1g)	ZNF143_extended_+/-_(15r)	13.250757966811076	1	0.1527259808124568	198
chr21:33127214-33127714	OLIG1	0.0156184461429636	-0.1551911249558814	-0.0024238442269893	0.0024238442269893	ZNF143	True	ZNF143_extended_+/-	ZNF143_extended_+/-_(1g)	ZNF143_extended_+/-_(15r)	13.250757966811076	1	0.1527259808124568	91
chr21:33219883-33220383	OLIG1	0.0404438247267759	-0.188615569436391	-0.0076283350310264	0.0076283350310264	ZNF143	True	ZNF143_extended_+/-	ZNF143_extended_+/-_(1g)	ZNF143_extended_+/-_(15r)	13.250757966811076	1	0.1527259808124568	66
chr21:33019108-33019608	OLIG1	0.0157240083489437	-0.1538193369650494	-0.0024186565386674	0.0024186565386674	ZNF143	True	ZNF143_extended_+/-	ZNF143_extended_+/-_(1g)	ZNF143_extended_+/-_(15r)	13.250757966811076	1	0.1527259808124568	152
chr21:33218804-33219304	OLIG1	0.0162612641327652	-0.1988536612513093	-0.0032336119093749	0.0032336119093749	ZNF143	True	ZNF143_extended_+/-	ZNF143_extended_+/-_(1g)	ZNF143_extended_+/-_(15r)	13.250757966811076	1	0.1527259808124568	73
chr21:33196781-33197281	OLIG1	0.0135440369170335	-0.1925745951102936	-0.0026082374254565	0.0026082374254565	ZNF143	True	ZNF143_extended_+/-	ZNF143_extended_+/-_(1g)	ZNF143_extended_+/-_(15r)	13.250757966811076	1	0.1527259808124568	244
chr21:33027209-33027709	OLIG1	0.014745685244039	-0.1550664814386847	-0.0022865615271954	0.0022865615271954	ZNF143	True	ZNF143_extended_+/-	ZNF143_extended_+/-_(1g)	ZNF143_extended_+/-_(15r)	13.250757966811076	1	0.1527259808124568	214
chr21:33212157-33212657	OLIG1	0.0240380879439479	-0.2045481059529305	-0.0049169453596645	0.0049169453596645	ZNF143	True	ZNF143_extended_+/-	ZNF143_extended_+/-_(1g)	ZNF143_extended_+/-_(15r)	13.250757966811076	1	0.1527259808124568	68
chr21:33023491-33023991	OLIG1	0.0188802356323175	-0.184022912364503	-0.0034743959471871	0.0034743959471871	ZNF143	True	ZNF143_extended_+/-	ZNF143_extended_+/-_(1g)	ZNF143_extended_+/-_(15r)	13.250757966811076	1	0.1527259808124568	25
chr21:33037358-33037858	OLIG1	0.0338400784321024	-0.1899609590879522	-0.0064282937545737	0.0064282937545737	ZNF143	True	ZNF143_extended_+/-	ZNF143_extended_+/-_(1g)	ZNF143_extended_+/-_(15r)	13.250757966811076	1	0.1527259808124568	61
chr21:33053893-33054393	OLIG1	0.0205339339592258	-0.1899609590879522	-0.0039006457887432	0.0039006457887432	ZNF143	True	ZNF143_extended_+/-	ZNF143_extended_+/-_(1g)	ZNF143_extended_+/-_(15r)	13.250757966811076	1	0.1527259808124568	133
chr21:33205050-33205550	OLIG1	0.0441934926500947	-0.1881309968425839	-0.0083141658262177	0.0083141658262177	ZNF143	True	ZNF143_extended_+/-	ZNF143_extended_+/-_(1g)	ZNF143_extended_+/-_(15r)	13.250757966811076	1	0.1527259808124568	56
chr21:46205783-46206283	COL6A2	0.0175406932732534	-0.1761305626489133	-0.0030894521754701	0.0030894521754701	ZNF354C	True	ZNF354C_extended_+/-	ZNF354C_extended_+/-_(5g)	ZNF354C_extended_+/-_(75r)	11.21490685577734	1	0.0985277239231759	258
chr21:46242204-46242704	COL6A2	0.0091809481982984	-0.1365491058434928	-0.001253650267273	0.001253650267273	ZNF354C	True	ZNF354C_extended_+/-	ZNF354C_extended_+/-_(5g)	ZNF354C_extended_+/-_(75r)	11.21490685577734	1	0.0985277239231759	310
chr21:36403428-36403928	CHAF1B	0.0036733596752072	-0.0595483038464726	-0.0002187423380766	0.0002187423380766	ZNF354C	True	ZNF354C_extended_+/-	ZNF354C_extended_+/-_(5g)	ZNF354C_extended_+/-_(75r)	24.558321054077844	1	0.654851642444997	34
chr21:41985147-41985647	ZBTB21	0.0107553497182078	-0.0689030848997193	-0.0007410767747598	0.0007410767747598	ZNF354C	True	ZNF354C_extended_+/-	ZNF354C_extended_+/-_(5g)	ZNF354C_extended_+/-_(75r)	16.371163283475237	1	0.1409598666051162	193
chr21:42894720-42895220	WDR4	0.0095095868464828	-0.0707523866520305	-0.0006728259654634	0.0006728259654634	ZNF354C	True	ZNF354C_extended_+/-	ZNF354C_extended_+/-_(5g)	ZNF354C_extended_+/-_(75r)	18.86331467072881	1	0.1208168103618701	32
chr21:46147346-46147846	COL6A2	0.0083907308178549	-0.1365491058434928	-0.0011457467905515	0.0011457467905515	ZNF354C	True	ZNF354C_extended_+/-	ZNF354C_extended_+/-_(5g)	ZNF354C_extended_+/-_(75r)	11.21490685577734	1	0.0985277239231759	299
chr21:46230231-46230731	COL6A2	0.0073343431279976	-0.1365491058434928	-0.0010014979960774	0.0010014979960774	ZNF354C	True	ZNF354C_extended_+/-	ZNF354C_extended_+/-_(5g)	ZNF354C_extended_+/-_(75r)	11.21490685577734	1	0.0985277239231759	271
chr21:36852357-36852857	HLCS	0.012389951593146	-0.0781916687035727	-0.0009687909902245	0.0009687909902245	ZNF354C	True	ZNF354C_extended_+/-	ZNF354C_extended_+/-_(5g)	ZNF354C_extended_+/-_(75r)	12.307089070441323	1	0.0908245739863383	171
chr21:46065565-46066065	COL6A2	0.0224432938654292	-0.1371857617357945	-0.0030789003647891	0.0030789003647891	ZNF354C	True	ZNF354C_extended_+/-	ZNF354C_extended_+/-_(5g)	ZNF354C_extended_+/-_(75r)	11.21490685577734	1	0.0985277239231759	210
chr21:46225080-46225580	COL6A2	0.0163042448225439	-0.1359486906010222	-0.0022165407348633	0.0022165407348633	ZNF354C	True	ZNF354C_extended_+/-	ZNF354C_extended_+/-_(5g)	ZNF354C_extended_+/-_(75r)	11.21490685577734	1	0.0985277239231759	268
chr21:37106491-37106991	HLCS	0.0094497553588802	-0.0781916687035727	-0.0007388921403513	0.0007388921403513	ZNF354C	True	ZNF354C_extended_+/-	ZNF354C_extended_+/-_(5g)	ZNF354C_extended_+/-_(75r)	12.307089070441323	1	0.0908245739863383	287
chr21:36968546-36969046	HLCS	0.0085908276843934	-0.0770644184823485	-0.0006620471397798	0.0006620471397798	ZNF354C	True	ZNF354C_extended_+/-	ZNF354C_extended_+/-_(5g)	ZNF354C_extended_+/-_(75r)	12.307089070441323	1	0.0908245739863383	276
chr21:42958976-42959476	WDR4	0.0259258078658681	-0.0717048539009759	-0.0018590062652868	0.0018590062652868	ZNF354C	True	ZNF354C_extended_+/-	ZNF354C_extended_+/-_(5g)	ZNF354C_extended_+/-_(75r)	18.86331467072881	1	0.1208168103618701	15
chr21:45974261-45974761	COL6A2	0.0404206777122152	-0.1981518293875936	-0.0080094312337617	0.0080094312337617	ZNF354C	True	ZNF354C_extended_+/-	ZNF354C_extended_+/-_(5g)	ZNF354C_extended_+/-_(75r)	11.21490685577734	1	0.0985277239231759	54
chr21:42085911-42086411	ZBTB21	0.008523710594548	-0.094058621725471	-0.0008017284705099	0.0008017284705099	ZNF354C	True	ZNF354C_extended_+/-	ZNF354C_extended_+/-_(5g)	ZNF354C_extended_+/-_(75r)	16.371163283475237	1	0.1409598666051162	319
chr21:37136118-37136618	HLCS	0.0126056553806642	-0.0781916687035727	-0.0009856572293163	0.0009856572293163	ZNF354C	True	ZNF354C_extended_+/-	ZNF354C_extended_+/-_(5g)	ZNF354C_extended_+/-_(75r)	12.307089070441323	1	0.0908245739863383	264
chr21:41927681-41928181	ZBTB21	0.0098981174395581	-0.0743422090867922	-0.0007358479162572	0.0007358479162572	ZNF354C	True	ZNF354C_extended_+/-	ZNF354C_extended_+/-_(5g)	ZNF354C_extended_+/-_(75r)	16.371163283475237	1	0.1409598666051162	229
chr21:37036299-37036799	HLCS	0.0108206712722826	-0.0770644184823485	-0.0008338887391871	0.0008338887391871	ZNF354C	True	ZNF354C_extended_+/-	ZNF354C_extended_+/-_(5g)	ZNF354C_extended_+/-_(75r)	12.307089070441323	1	0.0908245739863383	103
chr21:37030463-37030963	HLCS	0.0115878997135946	-0.0718394091312414	-0.0008324678684967	0.0008324678684967	ZNF354C	True	ZNF354C_extended_+/-	ZNF354C_extended_+/-_(5g)	ZNF354C_extended_+/-_(75r)	12.307089070441323	1	0.0908245739863383	108
chr21:36838520-36839020	HLCS	0.0119835513765691	-0.0781916687035727	-0.0009370138791289	0.0009370138791289	ZNF354C	True	ZNF354C_extended_+/-	ZNF354C_extended_+/-_(5g)	ZNF354C_extended_+/-_(75r)	12.307089070441323	1	0.0908245739863383	140
chr21:41953572-41954072	ZBTB21	0.0107318834747704	-0.0570097007304173	-0.0006118214651703	0.0006118214651703	ZNF354C	True	ZNF354C_extended_+/-	ZNF354C_extended_+/-_(5g)	ZNF354C_extended_+/-_(75r)	16.371163283475237	1	0.1409598666051162	290
chr21:46026920-46027420	COL6A2	0.0076012534603299	-0.1365491058434928	-0.0010379443632978	0.0010379443632978	ZNF354C	True	ZNF354C_extended_+/-	ZNF354C_extended_+/-_(5g)	ZNF354C_extended_+/-_(75r)	11.21490685577734	1	0.0985277239231759	324
chr21:36436271-36436771	CHAF1B	0.0131156747423471	-0.0595483038464726	-0.0007810161847087	0.0007810161847087	ZNF354C	True	ZNF354C_extended_+/-	ZNF354C_extended_+/-_(5g)	ZNF354C_extended_+/-_(75r)	24.558321054077844	1	0.654851642444997	150
chr21:42078905-42079405	ZBTB21	0.0182470415976497	-0.0661312135594372	-0.0012066990047221	0.0012066990047221	ZNF354C	True	ZNF354C_extended_+/-	ZNF354C_extended_+/-_(5g)	ZNF354C_extended_+/-_(75r)	16.371163283475237	1	0.1409598666051162	67
chr21:46227051-46227551	COL6A2	0.014545757181997	-0.1763711809325102	-0.0025654523717463	0.0025654523717463	ZNF354C	True	ZNF354C_extended_+/-	ZNF354C_extended_+/-_(5g)	ZNF354C_extended_+/-_(75r)	11.21490685577734	1	0.0985277239231759	209
chr21:36277146-36277646	CHAF1B	0.0196497478021175	-0.1224439430257352	-0.0024059926003525	0.0024059926003525	ZNF354C	True	ZNF354C_extended_+/-	ZNF354C_extended_+/-_(5g)	ZNF354C_extended_+/-_(75r)	24.558321054077844	1	0.654851642444997	45
chr21:37071086-37071586	HLCS	0.0119324836636929	-0.0718394091312414	-0.0008572225758678	0.0008572225758678	ZNF354C	True	ZNF354C_extended_+/-	ZNF354C_extended_+/-_(5g)	ZNF354C_extended_+/-_(75r)	12.307089070441323	1	0.0908245739863383	250
chr21:42779339-42779839	WDR4	0.0081799412980459	-0.0710609038473676	-0.0005812740220575	0.0005812740220575	ZNF354C	True	ZNF354C_extended_+/-	ZNF354C_extended_+/-_(5g)	ZNF354C_extended_+/-_(75r)	18.86331467072881	1	0.1208168103618701	296
chr21:36474858-36475358	CHAF1B	0.005686708493148	-0.0595483038464726	-0.0003386338452362	0.0003386338452362	ZNF354C	True	ZNF354C_extended_+/-	ZNF354C_extended_+/-_(5g)	ZNF354C_extended_+/-_(75r)	24.558321054077844	1	0.654851642444997	240
chr21:41967029-41967529	ZBTB21	0.00483695916951	-0.0928153791025415	-0.0004489441990215	0.0004489441990215	ZNF354C	True	ZNF354C_extended_+/-	ZNF354C_extended_+/-_(5g)	ZNF354C_extended_+/-_(75r)	16.371163283475237	1	0.1409598666051162	320
chr21:45966473-45966973	COL6A2	0.007212497316698	-0.1365491058434928	-0.0009848600594937	0.0009848600594937	ZNF354C	True	ZNF354C_extended_+/-	ZNF354C_extended_+/-_(5g)	ZNF354C_extended_+/-_(75r)	11.21490685577734	1	0.0985277239231759	305
chr21:42142370-42142870	ZBTB21	0.0131701067580743	-0.0719688000763725	-0.0009478367802563	0.0009478367802563	ZNF354C	True	ZNF354C_extended_+/-	ZNF354C_extended_+/-_(5g)	ZNF354C_extended_+/-_(75r)	16.371163283475237	1	0.1409598666051162	109
chr21:42818198-42818698	WDR4	0.0078172696393793	-0.0555569606463141	-0.0004343037417166	0.0004343037417166	ZNF354C	True	ZNF354C_extended_+/-	ZNF354C_extended_+/-_(5g)	ZNF354C_extended_+/-_(75r)	18.86331467072881	1	0.1208168103618701	265
chr21:41921090-41921590	ZBTB21	0.0132025048193101	-0.0680450332953514	-0.0008983648800119	0.0008983648800119	ZNF354C	True	ZNF354C_extended_+/-	ZNF354C_extended_+/-_(5g)	ZNF354C_extended_+/-_(75r)	16.371163283475237	1	0.1409598666051162	147
chr21:42060788-42061288	ZBTB21	0.0070406069217639	-0.0778459698596818	-0.0005480828742255	0.0005480828742255	ZNF354C	True	ZNF354C_extended_+/-	ZNF354C_extended_+/-_(5g)	ZNF354C_extended_+/-_(75r)	16.371163283475237	1	0.1409598666051162	278
chr21:36321535-36322035	CHAF1B	0.0314598617299854	-0.0752430616569465	-0.0023671363158683	0.0023671363158683	ZNF354C	True	ZNF354C_extended_+/-	ZNF354C_extended_+/-_(5g)	ZNF354C_extended_+/-_(75r)	24.558321054077844	1	0.654851642444997	14
chr21:36723926-36724426	HLCS	0.0138245346440999	-0.0718394091312414	-0.0009931464003465	0.0009931464003465	ZNF354C	True	ZNF354C_extended_+/-	ZNF354C_extended_+/-_(5g)	ZNF354C_extended_+/-_(75r)	12.307089070441323	1	0.0908245739863383	128
chr21:36344396-36344896	CHAF1B	0.0198159655319903	-0.0595483038464726	-0.0011800071365101	0.0011800071365101	ZNF354C	True	ZNF354C_extended_+/-	ZNF354C_extended_+/-_(5g)	ZNF354C_extended_+/-_(75r)	24.558321054077844	1	0.654851642444997	42
chr21:36347392-36347892	CHAF1B	0.0100498267020195	-0.0588795540686888	-0.0005917293146825	0.0005917293146825	ZNF354C	True	ZNF354C_extended_+/-	ZNF354C_extended_+/-_(5g)	ZNF354C_extended_+/-_(75r)	24.558321054077844	1	0.654851642444997	80
chr21:41995719-41996219	ZBTB21	0.0049334810189897	-0.0807743292983318	-0.0003984986204149	0.0003984986204149	ZNF354C	True	ZNF354C_extended_+/-	ZNF354C_extended_+/-_(5g)	ZNF354C_extended_+/-_(75r)	16.371163283475237	1	0.1409598666051162	225
chr21:42976197-42976697	WDR4	0.0140386935217655	-0.0732273631897532	-0.0010280165092279	0.0010280165092279	ZNF354C	True	ZNF354C_extended_+/-	ZNF354C_extended_+/-_(5g)	ZNF354C_extended_+/-_(75r)	18.86331467072881	1	0.1208168103618701	231
chr21:36450251-36450751	CHAF1B	0.0100173225844179	-0.0595483038464726	-0.000596514568985	0.000596514568985	ZNF354C	True	ZNF354C_extended_+/-	ZNF354C_extended_+/-_(5g)	ZNF354C_extended_+/-_(75r)	24.558321054077844	1	0.654851642444997	266
chr21:36285421-36285921	CHAF1B	0.0099326808731755	-0.0600740749054999	-0.0005966966147875	0.0005966966147875	ZNF354C	True	ZNF354C_extended_+/-	ZNF354C_extended_+/-_(5g)	ZNF354C_extended_+/-_(75r)	24.558321054077844	1	0.654851642444997	43
chr21:36275046-36275546	CHAF1B	0.0021140488212269	-0.0595483038464726	-0.0001258880215527	0.0001258880215527	ZNF354C	True	ZNF354C_extended_+/-	ZNF354C_extended_+/-_(5g)	ZNF354C_extended_+/-_(75r)	24.558321054077844	1	0.654851642444997	92
chr21:37034169-37034669	HLCS	0.0081464060401576	-0.0718394091312414	-0.000585232996468	0.000585232996468	ZNF354C	True	ZNF354C_extended_+/-	ZNF354C_extended_+/-_(5g)	ZNF354C_extended_+/-_(75r)	12.307089070441323	1	0.0908245739863383	21
chr21:37068628-37069128	HLCS	0.0122863026206217	-0.0764141907991224	-0.0009388478726679	0.0009388478726679	ZNF354C	True	ZNF354C_extended_+/-	ZNF354C_extended_+/-_(5g)	ZNF354C_extended_+/-_(75r)	12.307089070441323	1	0.0908245739863383	269
chr21:36695832-36696332	HLCS	0.0084399441418055	-0.0770644184823485	-0.0006504193873117	0.0006504193873117	ZNF354C	True	ZNF354C_extended_+/-	ZNF354C_extended_+/-_(5g)	ZNF354C_extended_+/-_(75r)	12.307089070441323	1	0.0908245739863383	284
chr21:37077275-37077775	HLCS	0.0080082079293612	-0.0718394091312414	-0.0005753049258454	0.0005753049258454	ZNF354C	True	ZNF354C_extended_+/-	ZNF354C_extended_+/-_(5g)	ZNF354C_extended_+/-_(75r)	12.307089070441323	1	0.0908245739863383	175
chr21:42765749-42766249	WDR4	0.0201411409731496	-0.0986325113729705	-0.0019865713160987	0.0019865713160987	ZNF354C	True	ZNF354C_extended_+/-	ZNF354C_extended_+/-_(5g)	ZNF354C_extended_+/-_(75r)	18.86331467072881	1	0.1208168103618701	219
chr21:46250246-46250746	COL6A2	0.0377563224304303	-0.1950615200185547	-0.0073648056435903	0.0073648056435903	ZNF354C	True	ZNF354C_extended_+/-	ZNF354C_extended_+/-_(5g)	ZNF354C_extended_+/-_(75r)	11.21490685577734	1	0.0985277239231759	84
chr21:36431247-36431747	CHAF1B	0.011092036658464	-0.1288018107720744	-0.0014286744067604	0.0014286744067604	ZNF354C	True	ZNF354C_extended_+/-	ZNF354C_extended_+/-_(5g)	ZNF354C_extended_+/-_(75r)	24.558321054077844	1	0.654851642444997	145
chr21:46180479-46180979	COL6A2	0.0105222467218812	-0.1777912219533766	-0.0018707631023781	0.0018707631023781	ZNF354C	True	ZNF354C_extended_+/-	ZNF354C_extended_+/-_(5g)	ZNF354C_extended_+/-_(75r)	11.21490685577734	1	0.0985277239231759	314
chr21:36322938-36323438	CHAF1B	0.005193688194464	-0.0581025390110835	-0.0003017664709302	0.0003017664709302	ZNF354C	True	ZNF354C_extended_+/-	ZNF354C_extended_+/-_(5g)	ZNF354C_extended_+/-_(75r)	24.558321054077844	1	0.654851642444997	224
chr21:42949152-42949652	WDR4	0.0110138740541008	-0.070815286187659	-0.0007799506431759	0.0007799506431759	ZNF354C	True	ZNF354C_extended_+/-	ZNF354C_extended_+/-_(5g)	ZNF354C_extended_+/-_(75r)	18.86331467072881	1	0.1208168103618701	160
chr21:42892005-42892505	WDR4	0.0107388513243048	-0.0727003259307196	-0.0007807179913985	0.0007807179913985	ZNF354C	True	ZNF354C_extended_+/-	ZNF354C_extended_+/-_(5g)	ZNF354C_extended_+/-_(75r)	18.86331467072881	1	0.1208168103618701	183
chr21:43026560-43027060	WDR4	0.0080146495814803	-0.0707523866520305	-0.0005670555860694	0.0005670555860694	ZNF354C	True	ZNF354C_extended_+/-	ZNF354C_extended_+/-_(5g)	ZNF354C_extended_+/-_(75r)	18.86331467072881	1	0.1208168103618701	230
chr21:42140665-42141165	ZBTB21	0.0312266698669027	-0.0762441611428391	-0.0023808512492863	0.0023808512492863	ZNF354C	True	ZNF354C_extended_+/-	ZNF354C_extended_+/-_(5g)	ZNF354C_extended_+/-_(75r)	16.371163283475237	1	0.1409598666051162	58
chr21:42792878-42793378	WDR4	0.0096695058318492	-0.0707523866520305	-0.000684140615349	0.000684140615349	ZNF354C	True	ZNF354C_extended_+/-	ZNF354C_extended_+/-_(5g)	ZNF354C_extended_+/-_(75r)	18.86331467072881	1	0.1208168103618701	211
chr21:36377586-36378086	CHAF1B	0.0038486406221322	-0.0595483038464726	-0.0002291800211626	0.0002291800211626	ZNF354C	True	ZNF354C_extended_+/-	ZNF354C_extended_+/-_(5g)	ZNF354C_extended_+/-_(75r)	24.558321054077844	1	0.654851642444997	117
chr21:46073411-46073911	COL6A2	0.0084605767911468	-0.1365491058434928	-0.0011552841957513	0.0011552841957513	ZNF354C	True	ZNF354C_extended_+/-	ZNF354C_extended_+/-_(5g)	ZNF354C_extended_+/-_(75r)	11.21490685577734	1	0.0985277239231759	306
chr21:46196183-46196683	COL6A2	0.024491624678948	-0.1365491058434928	-0.0033443094505647	0.0033443094505647	ZNF354C	True	ZNF354C_extended_+/-	ZNF354C_extended_+/-_(5g)	ZNF354C_extended_+/-_(75r)	11.21490685577734	1	0.0985277239231759	74
chr21:41901103-41901603	ZBTB21	0.0087107792515664	-0.0953311719861211	-0.0008304087949642	0.0008304087949642	ZNF354C	True	ZNF354C_extended_+/-	ZNF354C_extended_+/-_(5g)	ZNF354C_extended_+/-_(75r)	16.371163283475237	1	0.1409598666051162	200
chr21:42769751-42770251	WDR4	0.0077122744155132	-0.0707523866520305	-0.0005456618214129	0.0005456618214129	ZNF354C	True	ZNF354C_extended_+/-	ZNF354C_extended_+/-_(5g)	ZNF354C_extended_+/-_(75r)	18.86331467072881	1	0.1208168103618701	228
chr21:42072916-42073416	ZBTB21	0.0091180038637807	-0.0937053084666858	-0.000854405364656	0.000854405364656	ZNF354C	True	ZNF354C_extended_+/-	ZNF354C_extended_+/-_(5g)	ZNF354C_extended_+/-_(75r)	16.371163283475237	1	0.1409598666051162	279
chr21:36860068-36860568	HLCS	0.0208199368080309	-0.0722737264459194	-0.0015047344174849	0.0015047344174849	ZNF354C	True	ZNF354C_extended_+/-	ZNF354C_extended_+/-_(5g)	ZNF354C_extended_+/-_(75r)	12.307089070441323	1	0.0908245739863383	174
chr21:42745525-42746025	WDR4	0.0110541477899594	-0.1313259088895569	-0.0014516960055159	0.0014516960055159	ZNF354C	True	ZNF354C_extended_+/-	ZNF354C_extended_+/-_(5g)	ZNF354C_extended_+/-_(75r)	18.86331467072881	1	0.1208168103618701	154
chr21:37072935-37073435	HLCS	0.0271666832983477	-0.0709167272101972	-0.0019265722686747	0.0019265722686747	ZNF354C	True	ZNF354C_extended_+/-	ZNF354C_extended_+/-_(5g)	ZNF354C_extended_+/-_(75r)	12.307089070441323	1	0.0908245739863383	122
chr21:42892981-42893481	WDR4	0.0145281072119983	-0.0589644737429322	-0.0008566421962363	0.0008566421962363	ZNF354C	True	ZNF354C_extended_+/-	ZNF354C_extended_+/-_(5g)	ZNF354C_extended_+/-_(75r)	18.86331467072881	1	0.1208168103618701	187
chr21:46226003-46226503	COL6A2	0.0146251581043882	-0.1364492263998166	-0.0019955915093187	0.0019955915093187	ZNF354C	True	ZNF354C_extended_+/-	ZNF354C_extended_+/-_(5g)	ZNF354C_extended_+/-_(75r)	11.21490685577734	1	0.0985277239231759	196
chr21:42768528-42769028	WDR4	0.0091203686678233	-0.0593474890776998	-0.0005412709798982	0.0005412709798982	ZNF354C	True	ZNF354C_extended_+/-	ZNF354C_extended_+/-_(5g)	ZNF354C_extended_+/-_(75r)	18.86331467072881	1	0.1208168103618701	238
chr21:36315826-36316326	CHAF1B	0.0153615084659473	-0.0595483038464726	-0.0009147517736703	0.0009147517736703	ZNF354C	True	ZNF354C_extended_+/-	ZNF354C_extended_+/-_(5g)	ZNF354C_extended_+/-_(75r)	24.558321054077844	1	0.654851642444997	185
chr21:36265447-36265947	CHAF1B	0.013648350300048	-0.0595483038464726	-0.0008127361106703	0.0008127361106703	ZNF354C	True	ZNF354C_extended_+/-	ZNF354C_extended_+/-_(5g)	ZNF354C_extended_+/-_(75r)	24.558321054077844	1	0.654851642444997	170
chr21:42097793-42098293	ZBTB21	0.0067232483346103	-0.0942628514724839	-0.000633752559178	0.000633752559178	ZNF354C	True	ZNF354C_extended_+/-	ZNF354C_extended_+/-_(5g)	ZNF354C_extended_+/-_(75r)	16.371163283475237	1	0.1409598666051162	321
chr21:41928571-41929071	ZBTB21	0.0125332918206604	-0.0947626952420691	-0.0011876885131811	0.0011876885131811	ZNF354C	True	ZNF354C_extended_+/-	ZNF354C_extended_+/-_(5g)	ZNF354C_extended_+/-_(75r)	16.371163283475237	1	0.1409598666051162	176
chr21:42783195-42783695	WDR4	0.0117021300140259	-0.070815286187659	-0.0008286896859484	0.0008286896859484	ZNF354C	True	ZNF354C_extended_+/-	ZNF354C_extended_+/-_(5g)	ZNF354C_extended_+/-_(75r)	18.86331467072881	1	0.1208168103618701	217
chr21:29155368-29155868	BACH1	0.0097350815759612	0.6521494657835628	0.0063487282491225	0.0063487282491225	KLF12	True	KLF12_extended_-/+	KLF12_extended_-/+_(1g)	KLF12_extended_-/+_(49r)	24.200004014197177	-1	-0.2173283012189199	190
chr21:29638709-29639209	BACH1	0.0081852588780417	0.6517117972926122	0.0053344297747139	0.0053344297747139	KLF12	True	KLF12_extended_-/+	KLF12_extended_-/+_(1g)	KLF12_extended_-/+_(49r)	24.200004014197177	-1	-0.2173283012189199	167
chr21:29287394-29287894	BACH1	0.0138507879586307	0.651945381247799	0.0090299572362719	0.0090299572362719	KLF12	True	KLF12_extended_-/+	KLF12_extended_-/+_(1g)	KLF12_extended_-/+_(49r)	24.200004014197177	-1	-0.2173283012189199	24
chr21:29185114-29185614	BACH1	0.007948749527308	0.6523225701564419	0.0051851487211833	0.0051851487211833	KLF12	True	KLF12_extended_-/+	KLF12_extended_-/+_(1g)	KLF12_extended_-/+_(49r)	24.200004014197177	-1	-0.2173283012189199	149
chr21:29336749-29337249	BACH1	0.0148340176211778	0.6490178417634417	0.0096275421011776	0.0096275421011776	KLF12	True	KLF12_extended_-/+	KLF12_extended_-/+_(1g)	KLF12_extended_-/+_(49r)	24.200004014197177	-1	-0.2173283012189199	192
chr21:29196279-29196779	BACH1	0.0116880052774925	0.651977531687821	0.0076203168311738	0.0076203168311738	KLF12	True	KLF12_extended_-/+	KLF12_extended_-/+_(1g)	KLF12_extended_-/+_(49r)	24.200004014197177	-1	-0.2173283012189199	134
chr21:29302244-29302744	BACH1	0.0143356275218342	0.2750254799950947	0.0039426628402233	0.0039426628402233	KLF12	True	KLF12_extended_-/+	KLF12_extended_-/+_(1g)	KLF12_extended_-/+_(49r)	24.200004014197177	-1	-0.2173283012189199	101
chr21:29098517-29099017	BACH1	0.0179658534904317	0.6490178417634417	0.0116601594577982	0.0116601594577982	KLF12	True	KLF12_extended_-/+	KLF12_extended_-/+_(1g)	KLF12_extended_-/+_(49r)	24.200004014197177	-1	-0.2173283012189199	16
chr21:29183963-29184463	BACH1	0.0081898799235756	0.6517748852449909	0.0053379580473588	0.0053379580473588	KLF12	True	KLF12_extended_-/+	KLF12_extended_-/+_(1g)	KLF12_extended_-/+_(49r)	24.200004014197177	-1	-0.2173283012189199	173
chr21:29335022-29335522	BACH1	0.0098109404077792	0.6490178417634417	0.0063674753691266	0.0063674753691266	KLF12	True	KLF12_extended_-/+	KLF12_extended_-/+_(1g)	KLF12_extended_-/+_(49r)	24.200004014197177	-1	-0.2173283012189199	172
chr21:29347360-29347860	BACH1	0.0210300876160049	0.6520608712008478	0.0137128972523223	0.0137128972523223	KLF12	True	KLF12_extended_-/+	KLF12_extended_-/+_(1g)	KLF12_extended_-/+_(49r)	24.200004014197177	-1	-0.2173283012189199	116
chr21:29674599-29675099	BACH1	0.0123564603161133	0.6490178417634417	0.0080195632061995	0.0080195632061995	KLF12	True	KLF12_extended_-/+	KLF12_extended_-/+_(1g)	KLF12_extended_-/+_(49r)	24.200004014197177	-1	-0.2173283012189199	221
chr21:29709049-29709549	BACH1	0.012517104129637	0.6509442880484028	0.0081479374360942	0.0081479374360942	KLF12	True	KLF12_extended_-/+	KLF12_extended_-/+_(1g)	KLF12_extended_-/+_(49r)	24.200004014197177	-1	-0.2173283012189199	212
chr21:29348184-29348684	BACH1	0.0462943503316247	0.653233300913788	0.0302410112807865	0.0302410112807865	KLF12	True	KLF12_extended_-/+	KLF12_extended_-/+_(1g)	KLF12_extended_-/+_(49r)	24.200004014197177	-1	-0.2173283012189199	30
chr21:29238819-29239319	BACH1	0.0157880676973623	0.6519791305234754	0.0102934906499721	0.0102934906499721	KLF12	True	KLF12_extended_-/+	KLF12_extended_-/+_(1g)	KLF12_extended_-/+_(49r)	24.200004014197177	-1	-0.2173283012189199	46
chr21:29182105-29182605	BACH1	0.0084171137570017	0.6517117972926122	0.0054855323345919	0.0054855323345919	KLF12	True	KLF12_extended_-/+	KLF12_extended_-/+_(1g)	KLF12_extended_-/+_(49r)	24.200004014197177	-1	-0.2173283012189199	235
chr21:29208402-29208902	BACH1	0.014464798674108	0.6562601686703836	0.0094926712176533	0.0094926712176533	KLF12	True	KLF12_extended_-/+	KLF12_extended_-/+_(1g)	KLF12_extended_-/+_(49r)	24.200004014197177	-1	-0.2173283012189199	177
chr21:29290508-29291008	BACH1	0.0133690787816291	0.6490178417634417	0.0086767706572183	0.0086767706572183	KLF12	True	KLF12_extended_-/+	KLF12_extended_-/+_(1g)	KLF12_extended_-/+_(49r)	24.200004014197177	-1	-0.2173283012189199	249
chr21:29148407-29148907	BACH1	0.0161593503761124	0.6490178417634417	0.0104877067054037	0.0104877067054037	KLF12	True	KLF12_extended_-/+	KLF12_extended_-/+_(1g)	KLF12_extended_-/+_(49r)	24.200004014197177	-1	-0.2173283012189199	161
chr21:29404061-29404561	BACH1	0.0206732881208875	0.6492500136669794	0.0134221325950276	0.0134221325950276	KLF12	True	KLF12_extended_-/+	KLF12_extended_-/+_(1g)	KLF12_extended_-/+_(49r)	24.200004014197177	-1	-0.2173283012189199	33
chr21:29217747-29218247	BACH1	0.0291948042367548	0.6572253881549772	0.0191875665466097	0.0191875665466097	KLF12	True	KLF12_extended_-/+	KLF12_extended_-/+_(1g)	KLF12_extended_-/+_(49r)	24.200004014197177	-1	-0.2173283012189199	70
chr21:29307877-29308377	BACH1	0.0096237139663575	0.6444645450405658	0.0062021424429291	0.0062021424429291	KLF12	True	KLF12_extended_-/+	KLF12_extended_-/+_(1g)	KLF12_extended_-/+_(49r)	24.200004014197177	-1	-0.2173283012189199	267
chr21:29762851-29763351	BACH1	0.0131197274490216	0.6490178417634417	0.0085149371934886	0.0085149371934886	KLF12	True	KLF12_extended_-/+	KLF12_extended_-/+_(1g)	KLF12_extended_-/+_(49r)	24.200004014197177	-1	-0.2173283012189199	120
chr21:29125149-29125649	BACH1	0.0073145031970903	0.6490178417634417	0.0047472430785473	0.0047472430785473	KLF12	True	KLF12_extended_-/+	KLF12_extended_-/+_(1g)	KLF12_extended_-/+_(49r)	24.200004014197177	-1	-0.2173283012189199	239
chr21:29198321-29198821	BACH1	0.0154537121096381	0.6490178417634417	0.0100297348806309	0.0100297348806309	KLF12	True	KLF12_extended_-/+	KLF12_extended_-/+_(1g)	KLF12_extended_-/+_(49r)	24.200004014197177	-1	-0.2173283012189199	254
chr21:29156995-29157495	BACH1	0.0171060056987849	0.6515804626671318	0.0111459391076008	0.0111459391076008	KLF12	True	KLF12_extended_-/+	KLF12_extended_-/+_(1g)	KLF12_extended_-/+_(49r)	24.200004014197177	-1	-0.2173283012189199	115
chr21:29562471-29562971	BACH1	0.0077449223973291	0.6490178417634417	0.0050265928189398	0.0050265928189398	KLF12	True	KLF12_extended_-/+	KLF12_extended_-/+_(1g)	KLF12_extended_-/+_(49r)	24.200004014197177	-1	-0.2173283012189199	277
chr21:29176630-29177130	BACH1	0.0204886951353637	0.6491932188174018	0.0133011219442952	0.0133011219442952	KLF12	True	KLF12_extended_-/+	KLF12_extended_-/+_(1g)	KLF12_extended_-/+_(49r)	24.200004014197177	-1	-0.2173283012189199	75
chr21:29415279-29415779	BACH1	0.0078598247700395	0.6490178417634417	0.0051011665088899	0.0051011665088899	KLF12	True	KLF12_extended_-/+	KLF12_extended_-/+_(1g)	KLF12_extended_-/+_(49r)	24.200004014197177	-1	-0.2173283012189199	180
chr21:29090053-29090553	BACH1	0.0113774712639637	0.6519082744474605	0.0074170676592662	0.0074170676592662	KLF12	True	KLF12_extended_-/+	KLF12_extended_-/+_(1g)	KLF12_extended_-/+_(49r)	24.200004014197177	-1	-0.2173283012189199	283
chr21:29640009-29640509	BACH1	0.0193741746826313	0.6519611419823527	0.0126312090510538	0.0126312090510538	KLF12	True	KLF12_extended_-/+	KLF12_extended_-/+_(1g)	KLF12_extended_-/+_(49r)	24.200004014197177	-1	-0.2173283012189199	93
chr21:29233179-29233679	BACH1	0.0075562233278134	0.651945381247799	0.0049262448982448	0.0049262448982448	KLF12	True	KLF12_extended_-/+	KLF12_extended_-/+_(1g)	KLF12_extended_-/+_(49r)	24.200004014197177	-1	-0.2173283012189199	233
chr21:29720208-29720708	BACH1	0.0072612045835066	0.6490178417634417	0.0047126513273903	0.0047126513273903	KLF12	True	KLF12_extended_-/+	KLF12_extended_-/+_(1g)	KLF12_extended_-/+_(49r)	24.200004014197177	-1	-0.2173283012189199	242
chr21:29299902-29300402	BACH1	0.0231510603831437	0.6535415652397822	0.0151301802397605	0.0151301802397605	KLF12	True	KLF12_extended_-/+	KLF12_extended_-/+_(1g)	KLF12_extended_-/+_(49r)	24.200004014197177	-1	-0.2173283012189199	136
chr21:29649321-29649821	BACH1	0.0217108539879584	0.6517117972926122	0.0141492196732499	0.0141492196732499	KLF12	True	KLF12_extended_-/+	KLF12_extended_-/+_(1g)	KLF12_extended_-/+_(49r)	24.200004014197177	-1	-0.2173283012189199	20
chr21:29367299-29367799	BACH1	0.0082869898140599	0.6490178417634417	0.0053784042438368	0.0053784042438368	KLF12	True	KLF12_extended_-/+	KLF12_extended_-/+_(1g)	KLF12_extended_-/+_(49r)	24.200004014197177	-1	-0.2173283012189199	291
chr21:29237983-29238483	BACH1	0.0082094986566283	0.6521494657835628	0.005353820163271	0.005353820163271	KLF12	True	KLF12_extended_-/+	KLF12_extended_-/+_(1g)	KLF12_extended_-/+_(49r)	24.200004014197177	-1	-0.2173283012189199	222
chr21:29170906-29171406	BACH1	0.0095463144078251	0.6521494657835628	0.0062256238412651	0.0062256238412651	KLF12	True	KLF12_extended_-/+	KLF12_extended_-/+_(1g)	KLF12_extended_-/+_(49r)	24.200004014197177	-1	-0.2173283012189199	135
chr21:29248048-29248548	BACH1	0.009659295035158	0.651945381247799	0.0062973327842811	0.0062973327842811	KLF12	True	KLF12_extended_-/+	KLF12_extended_-/+_(1g)	KLF12_extended_-/+_(49r)	24.200004014197177	-1	-0.2173283012189199	126
chr21:29568246-29568746	BACH1	0.0234481446747827	0.6490178417634417	0.0152182642501844	0.0152182642501844	KLF12	True	KLF12_extended_-/+	KLF12_extended_-/+_(1g)	KLF12_extended_-/+_(49r)	24.200004014197177	-1	-0.2173283012189199	146
chr21:29267037-29267537	BACH1	0.0199147499111674	0.6490178417634417	0.0129250280066045	0.0129250280066045	KLF12	True	KLF12_extended_-/+	KLF12_extended_-/+_(1g)	KLF12_extended_-/+_(49r)	24.200004014197177	-1	-0.2173283012189199	40
chr21:29064834-29065334	BACH1	0.0087076064704833	0.6517164344998929	0.0056748902419715	0.0056748902419715	KLF12	True	KLF12_extended_-/+	KLF12_extended_-/+_(1g)	KLF12_extended_-/+_(49r)	24.200004014197177	-1	-0.2173283012189199	285
chr21:29099883-29100383	BACH1	0.0096561910605344	0.6540449437267599	0.006315582938802	0.006315582938802	KLF12	True	KLF12_extended_-/+	KLF12_extended_-/+_(1g)	KLF12_extended_-/+_(49r)	24.200004014197177	-1	-0.2173283012189199	194
chr21:29079131-29079631	BACH1	0.0084363859282312	0.6016529780580564	0.0050757767177674	0.0050757767177674	KLF12	True	KLF12_extended_-/+	KLF12_extended_-/+_(1g)	KLF12_extended_-/+_(49r)	24.200004014197177	-1	-0.2173283012189199	208
chr21:29323127-29323627	BACH1	0.0081712253586299	0.606081216438056	0.0049524262051479	0.0049524262051479	KLF12	True	KLF12_extended_-/+	KLF12_extended_-/+_(1g)	KLF12_extended_-/+_(49r)	24.200004014197177	-1	-0.2173283012189199	204
chr21:29256379-29256879	BACH1	0.0210804873413375	0.6520608712008478	0.0137457609411309	0.0137457609411309	KLF12	True	KLF12_extended_-/+	KLF12_extended_-/+_(1g)	KLF12_extended_-/+_(49r)	24.200004014197177	-1	-0.2173283012189199	79
chr21:29696552-29697052	BACH1	0.0228004107997819	0.6490178417634417	0.0147978734085943	0.0147978734085943	KLF12	True	KLF12_extended_-/+	KLF12_extended_-/+_(1g)	KLF12_extended_-/+_(49r)	24.200004014197177	-1	-0.2173283012189199	106
chr21:29313474-29313974	BACH1	0.0094099501985944	0.6490178417634417	0.0061072255689932	0.0061072255689932	KLF12	True	KLF12_extended_-/+	KLF12_extended_-/+_(1g)	KLF12_extended_-/+_(49r)	24.200004014197177	-1	-0.2173283012189199	270
chr21:29424796-29425296	BACH1	0.0084355995283583	0.6509442880484028	0.0054911053292486	0.0054911053292486	KLF12	True	KLF12_extended_-/+	KLF12_extended_-/+_(1g)	KLF12_extended_-/+_(49r)	24.200004014197177	-1	-0.2173283012189199	245
chr21:29252518-29253018	BACH1	0.0027599625163148	-0.3508468401397847	-0.0009683241277533	0.0009683241277533	KLF12	True	KLF12_extended_-/-	KLF12_extended_-/-_(1g)	KLF12_extended_-/-_(21r)	24.200004014197177	-1	-0.2173283012189199	186
chr21:29436160-29436660	BACH1	0.0102431451890981	-0.3012074408611026	-0.0030853115487769	0.0030853115487769	KLF12	True	KLF12_extended_-/-	KLF12_extended_-/-_(1g)	KLF12_extended_-/-_(21r)	24.200004014197177	-1	-0.2173283012189199	157
chr21:29371630-29372130	BACH1	0.003372234999732	-0.6247777054567941	-0.0021068972453936	0.0021068972453936	KLF12	True	KLF12_extended_-/-	KLF12_extended_-/-_(1g)	KLF12_extended_-/-_(21r)	24.200004014197177	-1	-0.2173283012189199	288
chr21:29244907-29245407	BACH1	0.0061783040139414	-0.1401898836355823	-0.0008661357207797	0.0008661357207797	KLF12	True	KLF12_extended_-/-	KLF12_extended_-/-_(1g)	KLF12_extended_-/-_(21r)	24.200004014197177	-1	-0.2173283012189199	64
chr21:29330918-29331418	BACH1	0.0023254815613697	-0.3508468401397847	-0.0008158878576099	0.0008158878576099	KLF12	True	KLF12_extended_-/-	KLF12_extended_-/-_(1g)	KLF12_extended_-/-_(21r)	24.200004014197177	-1	-0.2173283012189199	315
chr21:29159794-29160294	BACH1	0.0045441091859851	-0.4063141847822899	-0.0018463360194652	0.0018463360194652	KLF12	True	KLF12_extended_-/-	KLF12_extended_-/-_(1g)	KLF12_extended_-/-_(21r)	24.200004014197177	-1	-0.2173283012189199	142
chr21:29434050-29434550	BACH1	0.0029811981028715	-0.3508468401397847	-0.0010459439342232	0.0010459439342232	KLF12	True	KLF12_extended_-/-	KLF12_extended_-/-_(1g)	KLF12_extended_-/-_(21r)	24.200004014197177	-1	-0.2173283012189199	311
chr21:29368749-29369249	BACH1	0.004567127603322	-0.5383722716272576	-0.002458814862612	0.002458814862612	KLF12	True	KLF12_extended_-/-	KLF12_extended_-/-_(1g)	KLF12_extended_-/-_(21r)	24.200004014197177	-1	-0.2173283012189199	263
chr21:29342406-29342906	BACH1	0.0025586790679947	-0.5055667501643937	-0.0012935830611197	0.0012935830611197	KLF12	True	KLF12_extended_-/-	KLF12_extended_-/-_(1g)	KLF12_extended_-/-_(21r)	24.200004014197177	-1	-0.2173283012189199	313
chr21:29449335-29449835	BACH1	0.0025661924670141	-0.6241253845930348	-0.0016016258604149	0.0016016258604149	KLF12	True	KLF12_extended_-/-	KLF12_extended_-/-_(1g)	KLF12_extended_-/-_(21r)	24.200004014197177	-1	-0.2173283012189199	294
chr21:29228309-29228809	BACH1	0.0109199126208213	-0.653889567645947	-0.0071404169423604	0.0071404169423604	KLF12	True	KLF12_extended_-/-	KLF12_extended_-/-_(1g)	KLF12_extended_-/-_(21r)	24.200004014197177	-1	-0.2173283012189199	163
chr21:29264680-29265180	BACH1	0.0026419360081311	-0.5383722716272576	-0.0014223450901914	0.0014223450901914	KLF12	True	KLF12_extended_-/-	KLF12_extended_-/-_(1g)	KLF12_extended_-/-_(21r)	24.200004014197177	-1	-0.2173283012189199	168
chr21:29372302-29372802	BACH1	0.0037073706008173	-0.5366633258946983	-0.0019896098369588	0.0019896098369588	KLF12	True	KLF12_extended_-/-	KLF12_extended_-/-_(1g)	KLF12_extended_-/-_(21r)	24.200004014197177	-1	-0.2173283012189199	247
chr21:29298604-29299104	BACH1	0.0029187769200076	-0.5103592925096583	-0.0014896249238886	0.0014896249238886	KLF12	True	KLF12_extended_-/-	KLF12_extended_-/-_(1g)	KLF12_extended_-/-_(21r)	24.200004014197177	-1	-0.2173283012189199	203
chr21:29261970-29262470	BACH1	0.0080215534577784	-0.1401898836355823	-0.0011245406458225	0.0011245406458225	KLF12	True	KLF12_extended_-/-	KLF12_extended_-/-_(1g)	KLF12_extended_-/-_(21r)	24.200004014197177	-1	-0.2173283012189199	255
chr21:29145320-29145820	BACH1	0.0046695062119025	-0.5955855025866706	-0.0027810902040475	0.0027810902040475	KLF12	True	KLF12_extended_-/-	KLF12_extended_-/-_(1g)	KLF12_extended_-/-_(21r)	24.200004014197177	-1	-0.2173283012189199	301
chr21:29295143-29295643	BACH1	0.0039693373640709	-0.5984859945660093	-0.002375592820104	0.002375592820104	KLF12	True	KLF12_extended_-/-	KLF12_extended_-/-_(1g)	KLF12_extended_-/-_(21r)	24.200004014197177	-1	-0.2173283012189199	248
chr21:29333956-29334456	BACH1	0.0029405421892707	-0.6247777054567941	-0.0018371852018114	0.0018371852018114	KLF12	True	KLF12_extended_-/-	KLF12_extended_-/-_(1g)	KLF12_extended_-/-_(21r)	24.200004014197177	-1	-0.2173283012189199	246
chr21:29073512-29074012	BACH1	0.0054715469995349	-0.6521009741904407	-0.0035680011287255	0.0035680011287255	KLF12	True	KLF12_extended_-/-	KLF12_extended_-/-_(1g)	KLF12_extended_-/-_(21r)	24.200004014197177	-1	-0.2173283012189199	251
chr21:29557172-29557672	BACH1	0.0022845476038659	-0.25882032045849	-0.0005912873429352	0.0005912873429352	KLF12	True	KLF12_extended_-/-	KLF12_extended_-/-_(1g)	KLF12_extended_-/-_(21r)	24.200004014197177	-1	-0.2173283012189199	102
chr21:29076670-29077170	BACH1	0.0027158487498897	-0.6147999183007357	-0.0016697035895493	0.0016697035895493	KLF12	True	KLF12_extended_-/-	KLF12_extended_-/-_(1g)	KLF12_extended_-/-_(21r)	24.200004014197177	-1	-0.2173283012189199	195
